{
    "account_equity": 1000.0,
    "starting_equity": 1000.0,
    "peak_equity": 1000.0,
    "current_drawdown": 0.0,
    "max_drawdown_reached": 0.0,
    "daily_pnl": 0.0,
    "daily_pnl_percentage": 0.0,
    "daily_reset_time": "2025-05-27 03:01:54",
    "total_trades": 0,
    "winning_trades": 0,
    "losing_trades": 0,
    "win_rate": 0.0,
    "average_win": 0.0,
    "average_loss": 0.0,
    "profit_factor": 0.0,
    "consecutive_wins": 0,
    "consecutive_losses": 0,
    "max_consecutive_wins": 0,
    "max_consecutive_losses": 0,
    "open_positions": []
}