timestamp,open,high,low,close,volume
2025-04-23 18:35:01.033639,59766.268624682954,60461.206415630964,59538.793584369036,60095.15156402721,383613.6444436945
2025-04-23 19:35:01.033639,59731.44486946811,60870.54998861594,59266.800175584576,60178.807331132484,463384.3959116214
2025-04-23 20:35:01.033639,60608.5757327745,60952.52979650729,60323.84437992186,60783.16608844539,464433.1324123236
2025-04-23 21:35:01.033639,61673.254260234724,62762.585376799565,61453.13062306154,62215.97772616238,306597.4971950883
2025-04-23 22:35:01.033639,62082.53259717588,62757.35723688792,61963.03100640039,62550.01048064048,660310.1162601921
2025-04-23 23:35:01.033639,62766.56926331283,62961.23021335516,61511.08212495805,61993.244458696885,529883.1169496984
2025-04-24 00:35:01.033639,63665.53075038901,64227.17451255652,62931.53193871588,63196.86211588917,349679.2007550759
2025-04-24 01:35:01.033639,64900.77256409818,65392.06463681337,63965.05880086557,64513.77465997012,513403.62987896946
2025-04-24 02:35:01.033639,64950.244325936,65380.867694274086,63806.020227034416,64293.56125258158,698202.6992175889
2025-04-24 03:35:01.033639,64902.35635341141,65997.95132990717,64128.25923781379,65086.42642827279,457358.426579895
2025-04-24 04:35:01.033639,65069.18990143741,65496.93626753026,64077.98984791882,64448.70784830802,500546.33449017646
2025-04-24 05:35:01.033639,64336.339665090796,65104.26177438333,63470.19333351733,63811.263447748024,597294.7897237191
2025-04-24 06:35:01.033639,64511.35789224572,65125.44965854047,63595.72414435692,63859.38621581946,779649.5273813875
2025-04-24 07:35:01.033639,63016.6610101424,63411.801956304815,61914.53265959742,62446.977254830665,354949.2439959805
2025-04-24 08:35:01.033639,61312.066040084486,61518.23592032829,59798.79319729671,60351.76200651545,411079.7573031718
2025-04-24 09:35:01.033639,59239.32627277055,60224.103921247966,58982.093421797064,60003.801637159755,695270.0200264305
2025-04-24 10:35:01.033639,58311.81051204299,59147.902581430746,57754.10731399722,58723.86822694984,432725.66509176133
2025-04-24 11:35:01.033639,58345.91158363757,59241.70314990434,57504.90126559259,58863.479923408,855148.9904493995
2025-04-24 12:35:01.033639,57324.88188423808,58004.14080321366,57219.954022185855,57622.695407770174,718452.160348104
2025-04-24 13:35:01.033639,55903.12997481106,56700.08347172214,55803.040926073205,56590.38108496379,584528.5299944782
2025-04-24 14:35:01.033639,56812.99329947763,57787.74006876508,56234.70572534809,57526.1565767149,322204.58082929556
2025-04-24 15:35:01.033639,57126.32567304207,57691.58182842249,56440.38742774868,57027.47126208863,717773.2655268839
2025-04-24 16:35:01.033639,57115.281427019305,57620.28112617526,56660.46574479879,57261.4216418267,623694.7754252023
2025-04-24 17:35:01.033639,56389.062208498784,56750.1230672965,55303.81690693436,55514.411957028315,669517.9129093827
2025-04-24 18:35:01.033639,55558.39661965842,55681.531220624754,54871.224324257324,55269.483872323544,824821.0036105197
2025-04-24 19:35:01.033639,54781.34440025029,55711.32206994281,54576.52941172713,55596.90506164147,510427.0892710261
2025-04-24 20:35:01.033639,54483.32534209412,54906.625087992885,53532.4972293676,53874.652063301066,824206.2685118034
2025-04-24 21:35:01.033639,53966.86787617253,55040.783870592415,53430.97246605016,54507.200291381036,742549.3809533349
2025-04-24 22:35:01.033639,53901.23992327191,54185.882101901916,53391.127739095704,53697.19114378475,477784.872273594
2025-04-24 23:35:01.033639,53445.114206597376,53831.54479641657,53047.47204462476,53129.72993566998,556663.8802415174
2025-04-25 00:35:01.033639,52807.39689719646,53356.77293615017,52421.34881860783,53244.507518257444,771807.0086493313
2025-04-25 01:35:01.033639,54325.10735729294,54419.71966958341,53781.967023526784,53859.841207742786,580440.9067499219
2025-04-25 02:35:01.033639,54947.13383798892,55072.7050857999,53859.8377473389,54353.87660062793,865639.0644810753
2025-04-25 03:35:01.033639,53520.359627032885,54392.12903978877,53155.7089245678,53888.000900251114,405916.81920330494
2025-04-25 04:35:01.033639,54435.36598634336,54582.30304758018,53801.41331828637,54082.494495393425,334705.6059380378
2025-04-25 05:35:01.033639,52813.559039741995,54180.20953046849,52611.33218239686,54020.126194980374,404337.1495316924
2025-04-25 06:35:01.033639,53054.23381967506,53798.20397148735,52842.4456602569,53379.15973249159,789499.8749943707
2025-04-25 07:35:01.033639,51999.916151991274,52214.13173346441,51463.05214967723,51660.45390978214,648051.7247026867
2025-04-25 08:35:01.033639,50382.735267389384,50744.5177900791,50147.75328670825,50477.05150146505,833248.8479213864
2025-04-25 09:35:01.033639,49709.11652554024,50912.66098238067,49451.70557687211,50565.09500503868,630514.4223654836
2025-04-25 10:35:01.033639,50714.3351884722,50922.90115671511,50328.5684359902,50563.98272714431,734052.068213151
2025-04-25 11:35:01.033639,50974.241701772866,51391.73038813336,50378.22806628605,50607.9854898531,345678.5156941801
2025-04-25 12:35:01.033639,51148.668935419395,51571.87865338733,50196.77358796789,50558.476942485926,794808.5795550895
2025-04-25 13:35:01.033639,50478.75548746814,51102.80365800829,50243.57968812393,50764.96650921264,827177.9918130948
2025-04-25 14:35:01.033639,49127.17705811079,50207.82739590418,48921.695174974884,50010.94329219135,725017.7860290209
2025-04-25 15:35:01.033639,48388.86894922874,49395.177489316084,48091.76408702628,49065.99333264103,751629.9837345848
2025-04-25 16:35:01.033639,47968.867582512066,48507.617818785824,47872.85112978513,48197.66055469112,795490.0503388576
2025-04-25 17:35:01.033639,48925.04726344213,49049.25050296088,48436.193917825985,48703.300245234226,790780.2144714373
2025-04-25 18:35:01.033639,49144.92045865461,49802.98606827776,48493.544390292496,49298.60910718525,670156.1510254453
2025-04-25 19:35:01.033639,47913.31709623595,48773.152617330416,47349.39867364122,48422.342893529625,623991.2278295133
2025-04-25 20:35:01.033639,48337.5509614331,48577.680351490424,47349.95492867978,47698.006944421744,877795.2023153969
2025-04-25 21:35:01.033639,47380.12409467589,48080.816503741924,47278.017026392554,47712.334667488896,862337.0923418707
2025-04-25 22:35:01.033639,47280.928222196984,47706.128151221186,46586.04489041245,46828.8018399114,340410.36088126304
2025-04-25 23:35:01.033639,47649.68233031696,47907.80511992161,46882.017658559445,47376.1427473437,822922.0836914257
2025-04-26 00:35:01.033639,47731.80983825771,48866.96180745056,47447.774788023984,48231.214979097036,754957.9175574136
2025-04-26 01:35:01.033639,49087.60328667461,49278.18604715509,48763.870247207684,48920.50138183666,762244.450684676
2025-04-26 02:35:01.033639,48838.430869655014,49288.66383453424,48135.84413603684,48252.45207903106,555708.7813415838
2025-04-26 03:35:01.033639,48705.60769912637,48873.33355864617,47952.148486226586,48157.1371378793,432461.7676732562
2025-04-26 04:35:01.033639,48403.299229699944,48834.10556220031,48268.597822904885,48613.163843494076,870518.1373502462
2025-04-26 05:35:01.033639,49501.649305587525,49580.25721043214,48938.840847613865,49151.86104142371,683115.5685984512
2025-04-26 06:35:01.033639,49495.3666148612,49589.25135083243,48706.95015272627,49003.638398100404,836459.5222074806
2025-04-26 07:35:01.033639,48999.34231108739,49348.04321365899,48632.827336188195,48804.002290791665,521115.80623425666
2025-04-26 08:35:01.033639,48697.15459662654,48845.37489990919,47530.463201914856,48090.33918256224,821173.9007733664
2025-04-26 09:35:01.033639,46740.71452598233,47749.36653848959,46545.59996378058,47513.92134827462,675732.1929788492
2025-04-26 10:35:01.033639,47602.048299917726,47680.806412484526,47082.61715529644,47234.1623464553,777922.3745857058
2025-04-26 11:35:01.033639,48402.83214734546,48829.917871145815,47880.681719878114,48094.994453635176,558183.5369396777
2025-04-26 12:35:01.033639,48625.5046788212,48948.52474575954,48267.50243702839,48449.47938829507,461396.0426610586
2025-04-26 13:35:01.033639,49603.83846225295,50011.15485244751,48729.93090809364,49364.58747467994,343468.13267673535
2025-04-26 14:35:01.033639,50069.894733974244,50301.268858340314,49411.340247148844,49752.48100330166,716989.1316759256
2025-04-26 15:35:01.033639,49535.30735039141,50230.70219464461,48882.63943651654,49815.772223828615,362958.10705090495
2025-04-26 16:35:01.033639,49679.46410045359,50090.47986803532,49352.567690009055,49868.7780365841,670893.4405908714
2025-04-26 17:35:01.033639,50840.47490789883,51456.650364893074,50233.85762791125,51004.9318030527,610626.9860308269
2025-04-26 18:35:01.033639,51176.03909597663,51468.84892363858,50867.24928573372,51149.139986511924,538153.9657209576
2025-04-26 19:35:01.033639,52207.08619259539,52721.400158353754,52058.4415925345,52602.22319938626,420090.14654688607
2025-04-26 20:35:01.033639,51020.23007852329,51186.82541968463,50508.02997288567,50655.606693719834,318951.6868953852
2025-04-26 21:35:01.033639,51304.051055927994,51719.2271066335,50254.6655720114,50571.56123431966,822581.4742476513
2025-04-26 22:35:01.033639,50926.16380492218,51714.95468689655,50474.28844004729,51498.99196975608,348068.9078308051
2025-04-26 23:35:01.033639,50452.329416826135,51626.87598363578,50206.48727152616,51173.668741825204,686146.617117915
2025-04-27 00:35:01.033639,50898.3207765121,51455.23200323506,50409.687756263134,50957.70018943274,448261.94040608784
2025-04-27 01:35:01.033639,49466.23381745611,49850.14496869408,49196.88554811042,49778.512527035906,502137.47506266413
2025-04-27 02:35:01.033639,48787.68478307457,49297.67634743824,48629.696194963304,49096.80021145626,633218.1305625788
2025-04-27 03:35:01.033639,49522.48189665352,49643.82925989632,48447.89323490185,48579.54514358724,690195.4118081621
2025-04-27 04:35:01.033639,50068.53432298013,50439.16475903808,49738.38030501635,50097.3648508363,454609.73310672824
2025-04-27 05:35:01.033639,49768.10507062297,50530.148921181884,49566.59468824901,50334.62700964708,555296.0006688453
2025-04-27 06:35:01.033639,49803.94604240532,49891.78342770919,49054.75999299776,49459.842777089645,820218.8976734692
2025-04-27 07:35:01.033639,49265.067214569826,49486.76245648184,48430.552459746104,48753.04761770054,824053.9428489963
2025-04-27 08:35:01.033639,49590.09623922281,50129.203564195945,48744.28082533884,49108.59841899203,847418.0073700146
2025-04-27 09:35:01.033639,49633.70474951337,50166.56116538175,49458.56307664375,50020.17916849233,378940.61107635585
2025-04-27 10:35:01.033639,49473.59343397557,50162.77550133721,48957.644687582535,49674.718406646876,882837.0564249838
2025-04-27 11:35:01.033639,49710.809332170815,50183.91366339088,49505.05476400646,49911.61821972386,822449.9407635068
2025-04-27 12:35:01.033639,49865.64954369789,50474.154352395904,49528.82097150009,50225.70215518481,398114.32355101366
2025-04-27 13:35:01.033639,50636.95778272312,51182.35724558086,50278.260414637814,50967.81024497969,495114.03853481694
2025-04-27 14:35:01.033639,50955.61060217167,51099.635435056865,49814.520775699486,50223.80946862011,441630.2780078784
2025-04-27 15:35:01.033639,50267.20962530768,50435.2171036482,49860.02714018314,50070.085784020026,797330.0195295656
2025-04-27 16:35:01.033639,50012.381321642715,50247.008077883525,49320.14982727972,49521.54603465799,400225.14474056993
2025-04-27 17:35:01.033639,48849.99618618233,48983.471789422954,48333.76322768825,48486.10571458995,584778.5254498883
2025-04-27 18:35:01.033639,48228.38675279555,49186.26279921254,47881.506528436694,48987.03762301832,423504.72602206096
2025-04-27 19:35:01.033639,48690.941871209376,48975.2046603455,48379.47229167481,48550.764523577454,861963.415376977
2025-04-27 20:35:01.033639,48822.4672062443,48990.2020215963,48464.58591777312,48531.05007041638,489693.6629860503
2025-04-27 21:35:01.033639,48643.8816448572,49075.17864690635,48096.432356714606,48199.541272755516,879071.2178616273
2025-04-27 22:35:01.033639,47461.26670082647,47824.38763513721,47343.845178512354,47750.945042584106,572843.9133803154
2025-04-27 23:35:01.033639,47267.63306256718,47490.37284501643,46535.45031912249,46959.569130494994,317984.1539236068
2025-04-28 00:35:01.033639,46560.50464005228,46997.99766197637,46244.66229385713,46824.258165941654,881947.2276643622
2025-04-28 01:35:01.033639,45887.50094151038,46257.55418688348,45711.350205394054,46174.12529847484,406289.87366843154
2025-04-28 02:35:01.033639,45283.55200941328,46240.359951344995,45150.409912015275,45993.267417802635,598304.8584050564
2025-04-28 03:35:01.033639,45636.82253990161,46383.66072626732,45358.1276764958,45883.35937498335,858569.2173041867
2025-04-28 04:35:01.033639,47041.50758339413,47698.97680040018,46577.53250230574,47433.81599282884,536318.6433924951
2025-04-28 05:35:01.033639,47936.157423336685,48196.01075981454,47098.94381726647,47208.90778435179,328927.2233163336
2025-04-28 06:35:01.033639,48470.71787169711,48685.73681164793,47268.32813553715,47533.44848432561,640209.7565920007
2025-04-28 07:35:01.033639,47837.62285709982,48624.76389856493,47435.111135794104,48185.55987884807,700556.0313381508
2025-04-28 08:35:01.033639,46368.65720220184,47370.505459329266,46147.43487172256,46972.069821845886,790700.5297050129
2025-04-28 09:35:01.033639,46372.36110523097,46661.29992205108,46086.07232078274,46448.3704127526,519876.92092283873
2025-04-28 10:35:01.033639,46172.420016953314,46716.343347787035,45886.46229197946,46450.34775479369,442526.4785245965
2025-04-28 11:35:01.033639,47904.19782784967,48297.82510835808,47461.604176474255,47677.86810437562,700927.6791330099
2025-04-28 12:35:01.033639,48407.85051916321,48783.84168498569,47703.673269960476,47870.73918151471,611449.0710817309
2025-04-28 13:35:01.033639,48690.65704606865,49036.345652670934,48085.34763277274,48416.22053046611,539293.6685381402
2025-04-28 14:35:01.033639,48380.90529584066,49161.75596876349,48111.04208145078,48957.86841113728,787791.4432296561
2025-04-28 15:35:01.033639,47858.23569020901,48449.816284095024,47283.66466102759,47958.0631988676,304537.72498688527
2025-04-28 16:35:01.033639,48300.493165751344,48964.16982018918,47853.21481262186,48820.64978429725,336160.4341737365
2025-04-28 17:35:01.033639,49143.23765518381,49790.21744094014,48381.99978868463,48812.42333960494,454065.94063230476
2025-04-28 18:35:01.033639,50090.513517707164,50230.38941175081,49448.04042684653,49670.49000829604,486784.6194936022
2025-04-28 19:35:01.033639,49317.8582556887,49986.499860037475,48888.6556056013,49619.182734834125,373131.65600216854
2025-04-28 20:35:01.033639,50242.70497616399,50634.995294642584,49949.86219214097,50436.3514707406,725427.7570334596
2025-04-28 21:35:01.033639,49508.059139673904,49870.63179562685,49268.97639189026,49801.544156914504,590127.3880319549
2025-04-28 22:35:01.033639,49744.29412684603,50416.81853690326,49116.91538733961,50096.081149035526,870842.0053239942
2025-04-28 23:35:01.033639,50955.68766518274,51921.616499768475,50790.13174047501,51459.10163446708,427226.903944936
2025-04-29 00:35:01.033639,51520.945491714585,51707.360729304855,50571.06684327773,50730.13747733121,512052.82758163085
2025-04-29 01:35:01.033639,50590.54112464893,51046.021043241104,50299.237668875,50918.35523469066,554242.9521892577
2025-04-29 02:35:01.033639,50903.071208990696,51199.04824077948,50017.29690496385,50394.62174974124,651965.0779052844
2025-04-29 03:35:01.033639,50004.051958502074,50571.264447556205,49900.10144865419,50293.870041789334,357428.733312097
2025-04-29 04:35:01.033639,48912.98230933537,49294.47442277055,48780.91384637852,49149.999029928724,439168.25766958523
2025-04-29 05:35:01.033639,48564.81258557796,49171.57533777787,48303.16701367532,49080.49164299962,381863.8515340399
2025-04-29 06:35:01.033639,48122.617918217955,48499.19301950264,47353.61342339853,47597.57707803142,715461.6907946218
2025-04-29 07:35:01.033639,48067.90994704108,48724.20845505438,47292.3556873341,47593.42345516503,647032.1502038455
2025-04-29 08:35:01.033639,47443.444265088474,47785.382318333825,47051.194840458804,47155.68708219291,415120.39483124577
2025-04-29 09:35:01.033639,48388.60389984301,48673.20686642981,47878.229794152605,48253.642184990196,611435.8745449622
2025-04-29 10:35:01.033639,47960.655262911045,48284.12814149583,47739.088301002856,48129.33942436948,828047.452536875
2025-04-29 11:35:01.033639,47577.19378080834,48268.88692932772,47170.49666241224,47865.99821993692,701692.1731189141
2025-04-29 12:35:01.033639,47858.256177113224,48899.34937172165,47459.61219883202,48600.25866526972,579123.3673702308
2025-04-29 13:35:01.033639,47288.08580541038,47757.907602138584,47225.86328281305,47529.19301633279,714002.9344923995
2025-04-29 14:35:01.033639,47417.390804924595,47775.6549433017,47110.565458609424,47562.92499052209,753697.9973371476
2025-04-29 15:35:01.033639,48039.51123679304,48709.39975965614,47890.64528545177,48603.674917786695,440785.2491132721
2025-04-29 16:35:01.033639,47817.1550557465,47905.11825545927,47051.161320175204,47161.49222558764,623974.2781683357
2025-04-29 17:35:01.033639,47044.73251500544,47997.430423332895,46726.207662575376,47407.13784561232,753162.2522980848
2025-04-29 18:35:01.033639,47316.09453054619,47800.823443162466,47204.462453423395,47671.71002406026,321696.2283148573
2025-04-29 19:35:01.033639,48179.506588348806,48454.33206270981,47682.232055842156,48041.21447312468,862174.6938186378
2025-04-29 20:35:01.033639,47569.617007602305,47910.56345192933,46911.32823267114,47232.20163085457,660356.6000163704
2025-04-29 21:35:01.033639,46156.16678881402,46814.0025136395,45872.60372187532,46716.90966031494,810854.9746470575
2025-04-29 22:35:01.033639,46341.52006263924,46700.657168862315,46043.55467648022,46586.9652190099,528373.9760859481
2025-04-29 23:35:01.033639,46162.99854282441,47218.61983886809,45934.98705727095,46982.44703467082,482807.48345882446
2025-04-30 00:35:01.033639,46842.829363845936,47076.98410501261,46533.184584200164,46653.91871695309,507659.8359226713
2025-04-30 01:35:01.033639,46646.8500334879,47799.27250287677,46409.12379700911,47177.88975086599,817208.6893635736
2025-04-30 02:35:01.033639,47071.94429290468,47414.48458009401,46084.224966975846,46342.396537591645,404903.1763562475
2025-04-30 03:35:01.033639,46853.92594683518,47268.174828250434,46329.79335102597,46661.02909198989,340903.38563129614
2025-04-30 04:35:01.033639,47199.631673020966,47256.36140944786,46762.00166170076,46900.515422476456,879493.2966919319
2025-04-30 05:35:01.033639,46781.65376281804,47040.27655880695,46171.08261217486,46452.8712257974,363398.8105570463
2025-04-30 06:35:01.033639,47976.07676071727,48250.55621801237,47162.06393971757,47423.214531499274,391214.9118771889
2025-04-30 07:35:01.033639,48264.23822853128,48635.595550103004,48092.612117052595,48376.73662452292,896919.7903018603
2025-04-30 08:35:01.033639,47551.2773208362,48027.32098679522,47494.51873333025,47811.89413946683,385349.6212123177
2025-04-30 09:35:01.033639,48048.694283257784,48322.9886691917,47726.15376366951,47859.32879684015,337375.07887803763
2025-04-30 10:35:01.033639,47140.2351154011,47931.13603608981,46973.15116056395,47687.89196510881,483752.172471967
2025-04-30 11:35:01.033639,47625.5134248787,48345.987423470884,47271.34816996327,47864.85439739139,831962.52914428
2025-04-30 12:35:01.033639,48831.31898256431,49157.7480160009,48232.748035096636,48542.02002027631,796522.7373401247
2025-04-30 13:35:01.033639,48404.80622775406,49007.27013369984,47812.882803781526,48608.89609382899,588806.4909811942
2025-04-30 14:35:01.033639,49136.012091605924,49235.64159173994,48727.026982333584,48953.43988726669,621186.078871555
2025-04-30 15:35:01.033639,49509.45443961319,49794.82704236345,49087.617944719415,49165.16377449166,780922.2671297939
2025-04-30 16:35:01.033639,50217.21979228563,50884.977283638436,49420.935606224986,49832.06223317505,572626.4007359765
2025-04-30 17:35:01.033639,51976.378365184726,52399.976129905306,51009.77975245702,51621.43909714175,494805.556134036
2025-04-30 18:35:01.033639,52204.37706369019,52654.411700448065,51367.29179028611,51807.75643647345,575668.0610435919
2025-04-30 19:35:01.033639,51051.64405306303,52220.522150670346,50895.46466080209,51975.07029604033,489244.13744880765
2025-04-30 20:35:01.033639,50907.79886512001,51388.258382530614,50181.47315129826,50378.965205548746,323055.809377395
2025-04-30 21:35:01.033639,50337.06748337115,50680.52862714648,49279.32933089806,49610.374478312915,837070.6444239219
2025-04-30 22:35:01.033639,49661.706705666504,50256.65636801172,49126.992561597355,49926.07517654308,390101.400490225
2025-04-30 23:35:01.033639,49511.041807781796,50463.52421130434,49229.884309083594,49867.26800140372,350875.20962748193
2025-05-01 00:35:01.033639,50124.62284768251,50699.14710125882,49480.63695763975,50083.9903094903,873900.8389796881
2025-05-01 01:35:01.033639,50895.75830295185,51374.77550346424,50118.78421760351,50571.09017685462,764792.1187087091
2025-05-01 02:35:01.033639,51041.653968390085,51551.04551188138,50367.394699999226,50912.63366967273,696181.6318208029
2025-05-01 03:35:01.033639,52074.8097293121,52722.05980313407,51405.4994105969,52020.5060217502,880716.0209070182
2025-05-01 04:35:01.033639,52005.516670865356,52628.39407119281,51797.741826870195,52339.97155658088,423412.35731733305
2025-05-01 05:35:01.033639,54041.13037907089,54587.13742300737,53912.93272342402,54423.684382743355,618181.2799494949
2025-05-01 06:35:01.033639,55172.23700892388,55664.0032265071,55063.91193560568,55434.24556265969,887982.1976153104
2025-05-01 07:35:01.033639,54681.51247157544,55651.01774791771,54437.96748739238,55438.37963882678,693887.1643989016
2025-05-01 08:35:01.033639,54380.22475719611,54467.77942466342,53787.83054325217,54066.7141303495,523300.214302508
2025-05-01 09:35:01.033639,54474.62092904481,54732.21517733685,53721.344617756724,53845.44885761579,444415.62709950295
2025-05-01 10:35:01.033639,54329.204277734,54426.84948907968,53754.50090746424,53916.9912047197,471544.0735434961
2025-05-01 11:35:01.033639,54107.89187823706,55312.857025983896,53875.98973928125,55122.57357266046,451344.61210401694
2025-05-01 12:35:01.033639,55578.400825864344,55804.16753447313,54420.79800105609,54709.37404449913,765868.4678998347
2025-05-01 13:35:01.033639,55495.3957304226,55855.43865064206,54578.64195488698,54714.15107483056,862432.8398982713
2025-05-01 14:35:01.033639,54628.98050772601,54894.28858415835,54301.1675457768,54425.49048174572,790671.1979141671
2025-05-01 15:35:01.033639,53004.35476130838,53639.954772562305,52879.923334885396,53482.71993836408,625342.323295109
2025-05-01 16:35:01.033639,52402.86239150988,53112.08556089269,51966.36510093163,52798.16823393078,713331.1812300545
2025-05-01 17:35:01.033639,52516.68389120066,53686.84365333939,52232.23270543622,53052.67496044928,576934.4846518739
2025-05-01 18:35:01.033639,53406.70574764438,53520.29865483642,52977.86980831685,53033.88970042581,359506.85975232953
2025-05-01 19:35:01.033639,52334.344855125215,52883.95451189535,51938.98170022418,52621.28418016317,739842.7776178049
2025-05-01 20:35:01.033639,52460.80101771113,52878.48138297339,51711.27492016775,51928.939417032445,632535.90847921
2025-05-01 21:35:01.033639,52538.24189728483,52811.218015400154,52280.264723292945,52704.121292137235,421488.33609914244
2025-05-01 22:35:01.033639,52173.04555947521,52732.669675263685,51217.00700689134,51884.57271721526,483362.52929412894
2025-05-01 23:35:01.033639,51710.319010821855,52635.69403311596,51206.15443508202,52177.44689851839,733242.5629216422
2025-05-02 00:35:01.033639,51725.15054008012,52670.85133893851,51230.574162790486,52188.42867876628,717370.887898084
2025-05-02 01:35:01.033639,51058.82102085446,51389.30282904789,50874.69173132879,51295.47838436998,355794.3838938793
2025-05-02 02:35:01.033639,51435.97638391737,51706.56894582137,50593.339028162365,51121.0752023334,647990.2724568788
2025-05-02 03:35:01.033639,51296.26651741977,52107.807595465776,51013.19405598613,51856.68921097069,782993.3998084619
2025-05-02 04:35:01.033639,52309.05347398216,52873.985365539156,52066.13457848268,52494.960608590074,335130.55754638754
2025-05-02 05:35:01.033639,53272.71614681829,53972.04734500571,53078.986599282136,53807.229399519565,610361.4338649656
2025-05-02 06:35:01.033639,52950.291254485965,53316.515837620536,52323.29142826458,52647.47218149572,353160.25780777034
2025-05-02 07:35:01.033639,51701.00707732035,52295.35642224885,51547.05558930994,52220.03171551453,859867.9988061346
2025-05-02 08:35:01.033639,52336.7744486476,52628.720581372996,51439.67135143287,51660.52458581113,371001.71455403237
2025-05-02 09:35:01.033639,52299.55625841577,52923.30080707868,51968.88170945162,52664.41358509019,652661.6165173189
2025-05-02 10:35:01.033639,53049.474686881025,53314.927709830925,52590.03340014274,52944.884617007854,314515.05833481316
2025-05-02 11:35:01.033639,56274.631299517896,56711.02852125728,55220.440457918725,55787.62377990584,864407.5470692043
2025-05-02 12:35:01.033639,57676.52079996982,57807.99978161065,56936.746641054604,57078.95830564986,411660.85070776637
2025-05-02 13:35:01.033639,59016.63702671361,59486.01487205785,57956.16220942746,58639.40666425931,348360.9082542748
2025-05-02 14:35:01.033639,60180.76235550008,60659.43115126586,59187.78013556299,59494.173033150466,759307.7393946658
2025-05-02 15:35:01.033639,60799.00481896379,61243.31075095017,60441.51946583718,61083.39350672532,694173.0937602838
2025-05-02 16:35:01.033639,60898.46064050115,61744.46547178907,59971.53244986463,60657.87944759332,457023.4102415436
2025-05-02 17:35:01.033639,61421.85437139739,61973.079694212174,61054.092798593185,61613.55354023443,755638.9574507783
2025-05-02 18:35:01.033639,61020.81670342916,61630.96453029904,60471.310575084644,61277.30309796862,320168.16010996955
2025-05-02 19:35:01.033639,60677.252046410176,61056.92349184339,60373.69025362899,60860.813875473475,546657.361560424
2025-05-02 20:35:01.033639,60197.88927885872,60716.95425565288,59696.63772013746,60477.70622505899,878036.6605281304
2025-05-02 21:35:01.033639,60102.09610680541,60766.212033277996,59491.28036068813,60342.31934368573,456094.6745772307
2025-05-02 22:35:01.033639,61901.30090613863,62821.879433128044,61294.23230888839,62457.79505048521,418858.5796558441
2025-05-02 23:35:01.033639,61543.09788487876,61687.71083053907,60387.2097681569,60720.904153495874,509703.82325209124
2025-05-03 00:35:01.033639,61394.90039458604,61703.62233543468,60950.40909840435,61251.40315236959,810369.6347046826
2025-05-03 01:35:01.033639,59975.44975887944,60671.03849826616,59396.850696719164,60472.33639944955,733688.5819250903
2025-05-03 02:35:01.033639,59115.47639929333,59598.16811147982,58925.34761130997,59283.752456595656,574980.3849171939
2025-05-03 03:35:01.033639,60387.24000909044,60530.927396546205,59350.45982759014,59539.34626789045,701413.402397465
2025-05-03 04:35:01.033639,60506.557941308005,60784.194066689386,59625.49695497337,59952.04937814352,337363.86352913134
2025-05-03 05:35:01.033639,59159.37241969335,59981.484923474694,58779.03154850259,59405.248380801495,771766.9196304198
2025-05-03 06:35:01.033639,58599.883190432105,58956.396841969276,58135.159076815435,58437.303926634275,754050.903413181
2025-05-03 07:35:01.033639,59281.44268055511,59460.087605912566,58260.06501629533,58437.86907296024,822347.0550276041
2025-05-03 08:35:01.033639,58696.875128523185,58788.28044836738,57925.99976798771,58090.86353084388,316300.4527353359
2025-05-03 09:35:01.033639,58628.52471113588,58718.49449450977,58058.46575365271,58246.25665632117,598687.5048205742
2025-05-03 10:35:01.033639,58206.516021617266,58793.060705523625,58085.392410987006,58546.91102942351,765367.1105551965
2025-05-03 11:35:01.033639,58280.60255509492,58773.752846276424,57077.143515720156,57730.58380546102,775712.6514203036
2025-05-03 12:35:01.033639,59105.986076709254,60156.70312450968,58874.03577872906,59718.52880969035,849054.041044226
2025-05-03 13:35:01.033639,60885.95192573249,61163.167664051805,59912.421872946165,60140.92745037602,490057.006240516
2025-05-03 14:35:01.033639,58959.86627261633,59940.26609197867,58335.05792822836,59769.164688993995,384426.91682925506
2025-05-03 15:35:01.033639,59181.498817515065,59299.235087010304,58472.459339195244,58669.46592740745,391262.5699333637
2025-05-03 16:35:01.033639,58232.583244738446,58817.0871036551,57721.249830090084,58655.962365794454,782162.1212649212
2025-05-03 17:35:01.033639,58588.07977456103,59376.48579136272,58194.6527430437,59250.790906494854,700751.9992821763
2025-05-03 18:35:01.033639,58760.40992453403,58955.17675267015,57632.29223386608,58067.52669722869,397340.04346948763
2025-05-03 19:35:01.033639,57932.29421366058,58355.4702602868,57760.25233439229,58229.130165776056,834154.8318106813
2025-05-03 20:35:01.033639,58351.1746135978,58740.29295479063,58063.52394853836,58634.223504245965,791438.1083169937
2025-05-03 21:35:01.033639,59062.691223215945,59834.02093785594,58601.35296260615,59450.00438222313,792982.1386262829
2025-05-03 22:35:01.033639,58696.65593496569,59035.81057250513,57913.95220005135,58103.210042948136,501124.8284225236
2025-05-03 23:35:01.033639,57726.933955867986,58375.77058564181,57594.408062420254,58016.54306569095,443924.46765356686
2025-05-04 00:35:01.033639,57590.77941978703,57826.74850671786,57089.02145176622,57236.91319994677,690688.5509290044
2025-05-04 01:35:01.033639,57208.07654298369,57416.09811156141,56143.17972526621,56539.67487817137,887462.9628090926
2025-05-04 02:35:01.033639,58341.67415128123,58643.57032450643,57328.28464869217,57814.88562474049,711796.3180116585
2025-05-04 03:35:01.033639,58917.19392187131,59022.63960499382,58354.01388835967,58627.56750902895,802224.6751457641
2025-05-04 04:35:01.033639,57619.288815514585,58320.68372172662,57418.75395896937,58054.670272300194,483186.40601803875
2025-05-04 05:35:01.033639,58476.39788709776,58791.25049143974,57959.234724164766,58157.86591167452,862982.8910690896
2025-05-04 06:35:01.033639,59745.40510624426,61093.0291817382,59440.271164767335,60706.27382540659,456172.1145396018
2025-05-04 07:35:01.033639,61338.34850727673,62596.431741429384,60859.17063959565,61804.92826554362,568233.3262838552
2025-05-04 08:35:01.033639,60612.436624627335,61452.62344461168,60283.520318936186,61045.96287009792,886080.1971063956
2025-05-04 09:35:01.033639,60217.72608795782,60573.05112103349,59837.678001706554,59987.72232085353,850845.9313194903
2025-05-04 10:35:01.033639,60969.396621478285,61557.23207411848,60604.32631631251,61427.930447642844,752377.1421580703
2025-05-04 11:35:01.033639,61356.91077403716,61539.031100533495,59953.66467992692,60285.531974367346,482850.65723168
2025-05-04 12:35:01.033639,61594.722497985844,61839.57231053515,60216.95929130849,60955.19603804501,722211.5864764774
2025-05-04 13:35:01.033639,61903.76762521949,62422.28643059468,61136.41292860127,61772.969670971266,581260.7792787035
2025-05-04 14:35:01.033639,61093.43484047232,61700.51519230764,60719.605294664994,61327.737693474075,745915.919238962
2025-05-04 15:35:01.033639,60766.16893521417,61328.45709973187,60659.78727744263,61172.73852413002,655932.9420644306
2025-05-04 16:35:01.033639,58217.22569740353,58975.91086377333,57356.21575867006,58010.88993129173,776746.9672201142
2025-05-04 17:35:01.033639,56286.187979253,56829.10310193679,56224.63836091309,56733.76597852754,612867.4134261537
2025-05-04 18:35:01.033639,55702.1999172942,56167.86241638478,55538.241118690996,55881.997472640476,356314.37089401373
2025-05-04 19:35:01.033639,54170.155381054166,55452.3359727204,53910.724935599945,55223.54788378863,643063.4112289933
2025-05-04 20:35:01.033639,55734.36611484319,56156.56017920919,55025.34395181629,55394.303264199625,764327.7934380939
2025-05-04 21:35:01.033639,54545.13661717745,55362.570552942445,54155.76238108524,55052.2227328727,678784.5318551932
2025-05-04 22:35:01.033639,54067.49737299352,54771.32691629059,53588.36721042542,54422.289344790624,362534.8816850086
2025-05-04 23:35:01.033639,54360.58384270805,54589.46816215123,53632.2349392492,53746.899589526,660390.6399290134
2025-05-05 00:35:01.033639,54837.664314737136,55872.09369567403,54499.51903457471,55224.75027013271,452634.9485051082
2025-05-05 01:35:01.033639,54426.33807613973,54878.140802837785,53940.28582695178,54356.68439624105,466088.58467478346
2025-05-05 02:35:01.033639,55381.84084474057,55879.70144684061,54258.97482024478,54942.20981976284,666468.0426454609
2025-05-05 03:35:01.033639,55459.87380479663,55713.096098698,54849.948963335344,55279.62160510739,304598.4195895352
2025-05-05 04:35:01.033639,54623.58603176379,54982.19996452826,54197.12548920268,54483.25038827023,781551.4077478878
2025-05-05 05:35:01.033639,54603.899811301315,55328.54624347632,54154.83118108145,55179.13406225518,538209.024742315
2025-05-05 06:35:01.033639,54914.434748496686,55266.38267639863,54621.24038977333,55032.8987521832,604447.1632306853
2025-05-05 07:35:01.033639,54967.95107284344,55296.4182289235,53797.22875901473,53951.45527373891,378893.47193878895
2025-05-05 08:35:01.033639,54628.159626693014,54907.828597854525,54063.592643689604,54346.91111290859,844566.601533933
2025-05-05 09:35:01.033639,54014.507124259624,54835.0241437859,53519.564071079796,54610.75945092178,873036.3068909934
2025-05-05 10:35:01.033639,54539.59552348898,54890.947807526696,53459.4245488179,54145.90558302137,454564.3322002331
2025-05-05 11:35:01.033639,54512.49045385592,54986.491955149795,54374.58969077336,54708.56292095183,530303.3298269877
2025-05-05 12:35:01.033639,56103.422749583595,56587.513845073794,55515.54348324505,55871.88881846557,750706.8286850508
2025-05-05 13:35:01.033639,55595.67412883057,55822.6625325681,55188.77869465184,55266.9427302718,701143.5880337484
2025-05-05 14:35:01.033639,57324.10073200545,57676.896582341134,56333.09506321012,56999.5501025808,681657.6278457253
2025-05-05 15:35:01.033639,55360.69006452146,56703.22664581272,55122.80395138985,56370.688677405,372335.04984221415
2025-05-05 16:35:01.033639,55809.15253212559,56254.83188860788,54698.759575566146,55388.32547489086,307023.9664385424
2025-05-05 17:35:01.033639,56007.82931333349,56322.332288325786,55293.19885159231,55570.15928871212,326243.4433853684
2025-05-05 18:35:01.033639,56035.09271255974,56480.79540500304,55781.39823942009,56335.08957037569,691374.9891551638
2025-05-05 19:35:01.033639,55485.26066495522,56493.33163552592,54993.16447965547,56147.07302715597,465228.7045532511
2025-05-05 20:35:01.033639,55309.448826074506,55916.43517087029,55021.92420390836,55754.84367554951,793453.4242009671
2025-05-05 21:35:01.033639,54750.91866318382,55755.170545668516,54261.62397811147,55198.89423869454,649319.2479564683
2025-05-05 22:35:01.033639,54153.66487875854,54895.38448332079,53947.178093191375,54682.381303268645,524731.7322120728
2025-05-05 23:35:01.033639,54939.908270293025,55264.23988181343,54532.052107595104,54637.458727892445,507526.47644271445
2025-05-06 00:35:01.033639,55507.75152925349,55682.74634456655,54958.64298761876,55136.22142364593,504362.499948775
2025-05-06 01:35:01.033639,54993.823765828805,55229.615390227846,54601.69672120939,54745.58537937168,663467.5496716142
2025-05-06 02:35:01.033639,55869.7298737935,55970.275327177726,55010.74042549023,55316.255715949825,712964.5414681422
2025-05-06 03:35:01.033639,55915.272977893896,56265.50030360487,55549.2674903101,55762.57448051939,878410.4442706214
2025-05-06 04:35:01.033639,56685.93951957058,57174.64083985147,56172.41853191432,56517.99009148169,396014.9618779164
2025-05-06 05:35:01.033639,57299.84329493535,57710.513088738095,57109.59962186079,57479.58078678033,840049.9098098883
2025-05-06 06:35:01.033639,56883.43956602198,57322.631786439924,56620.58324611927,57221.088516823525,661765.7258876769
2025-05-06 07:35:01.033639,56225.62645701132,57146.50353934866,55650.023710788286,56973.59157163889,533689.1369414522
2025-05-06 08:35:01.033639,57039.91826022236,57325.14961950913,56318.81875057655,56759.93581894546,632226.8912148067
2025-05-06 09:35:01.033639,57040.535017097754,58037.938154785705,56841.23626638351,57650.418008844325,481399.94961089623
2025-05-06 10:35:01.033639,57634.270530914546,58051.57854464802,57176.610692225855,57494.24222939401,462148.61527847
2025-05-06 11:35:01.033639,57529.93767578579,58612.35486550446,56918.19479923371,58158.63684411608,383518.0208074173
2025-05-06 12:35:01.033639,58630.77046889114,59403.60817084733,58292.505367930564,59026.62379001277,896309.0333398188
2025-05-06 13:35:01.033639,58326.67889574117,59505.9056950316,57885.534319018465,59098.00019731717,420787.26469345996
2025-05-06 14:35:01.033639,59305.09195864961,59632.87840939819,58574.757247215464,58873.9835067584,436649.8416619258
2025-05-06 15:35:01.033639,58564.37335216446,59928.64364033693,58199.21767415313,59432.91173156585,821981.495788611
2025-05-06 16:35:01.033639,58839.03042243062,59247.411103951796,58504.80399949784,59112.022143901726,465460.54095081415
2025-05-06 17:35:01.033639,59631.83334878175,60552.277680535386,58907.21229593701,60034.19763711267,888592.426897611
2025-05-06 18:35:01.033639,60402.88694349585,61280.7275951165,60087.18650299022,60863.14571633576,471470.1333155221
2025-05-06 19:35:01.033639,61536.071937117405,62103.85846246156,61236.50057706711,61847.56304126374,595395.2880007091
2025-05-06 20:35:01.033639,62568.9433687518,63782.08694428461,62422.51127375375,63323.95573848699,796511.3532637819
2025-05-06 21:35:01.033639,62950.1115064138,64368.68035806151,62761.0890881339,63693.79715550027,365558.52618577285
2025-05-06 22:35:01.033639,64906.04496046674,65186.817162278465,63445.18872522974,63693.8304244669,337474.55617144285
2025-05-06 23:35:01.033639,64632.20864991662,65158.27236199019,63379.990784405505,63823.428405546016,855829.5640380521
2025-05-07 00:35:01.033639,64735.616003517185,64886.3496553222,64216.15776101163,64357.51277016243,715519.4589222647
2025-05-07 01:35:01.033639,64640.64225711064,64932.525547076926,64113.810259506,64259.72588736423,467255.92344873183
2025-05-07 02:35:01.033639,64603.62550328625,65066.045578818266,64147.716954494426,64973.41224814437,706092.7793144374
2025-05-07 03:35:01.033639,65184.783346369884,66040.69579877041,64309.03958231946,64663.773155046234,800486.7582004055
2025-05-07 04:35:01.033639,65087.78148873684,65406.14631332448,63803.3335553325,64111.764236299365,695124.309402033
2025-05-07 05:35:01.033639,65919.94926214158,67172.05675622706,65492.37129551185,66391.74524579174,592576.6858003265
2025-05-07 06:35:01.033639,66058.76200122053,66315.58926605423,65553.84634859102,65914.60479481996,509292.3203816876
2025-05-07 07:35:01.033639,64400.28959201333,65095.31416206517,64304.6826417578,64722.868675822065,873069.1243750207
2025-05-07 08:35:01.033639,65431.18082710789,66058.72843787,64721.40143322596,65122.26559439969,776709.3266944492
2025-05-07 09:35:01.033639,66375.30116152953,67129.25008792666,65527.96280991789,66070.56010407057,477174.296428766
2025-05-07 10:35:01.033639,67514.75876006356,67690.56175886796,66706.26050194426,66832.55499394267,543061.6167165398
2025-05-07 11:35:01.033639,68423.36416652129,69015.59140259326,67101.63214647256,67885.56765752427,684285.6253055064
2025-05-07 12:35:01.033639,68023.8601336956,69323.4079100982,67302.73308636836,68836.6818596277,373752.40707923257
2025-05-07 13:35:01.033639,67199.21859266465,68474.20637559182,66598.50687803449,67975.91914254868,674870.3176736415
2025-05-07 14:35:01.033639,67307.82483417928,67767.66947553096,66997.11703097394,67602.4484317628,793520.876630518
2025-05-07 15:35:01.033639,66340.28118229672,67571.99274910103,65832.45411476625,66801.63873380069,765207.6902418814
2025-05-07 16:35:01.033639,67533.76780349329,67935.54800776027,66895.44904871676,67359.82063181992,677734.6181350419
2025-05-07 17:35:01.033639,67402.63013455165,67871.8544297227,67123.53175854823,67497.73341166702,606677.4835423378
2025-05-07 18:35:01.033639,66953.47952547339,67112.04562849175,66382.03072418582,66728.73243308708,803603.0954136014
2025-05-07 19:35:01.033639,66426.47266643058,66562.37007321558,65895.02333618478,66144.27196372334,361135.4328396081
2025-05-07 20:35:01.033639,66847.35014743317,67033.63651639351,65890.18075406869,66318.58884244101,773359.4830656042
2025-05-07 21:35:01.033639,66681.092977914,66931.05001153791,65093.43793941953,65734.89829108233,878447.0498940649
2025-05-07 22:35:01.033639,64971.399477553874,65506.76859300599,64739.24249356044,65242.01777352566,679627.1272491607
2025-05-07 23:35:01.033639,65191.21402858737,65870.11044696614,64303.01208002313,64639.59594289296,699831.2481469238
2025-05-08 00:35:01.033639,64575.206770316705,66260.78556493467,64346.02763843855,65841.48459928595,478831.3251836659
2025-05-08 01:35:01.033639,64707.286428022366,65302.7175671994,64516.835530522956,64924.92395748476,516030.279540587
2025-05-08 02:35:01.033639,64044.26808695195,65306.61906412607,63431.167230921266,64712.25057294491,425329.63440309826
2025-05-08 03:35:01.033639,64445.041010653615,64981.2363159729,63861.96617674679,64077.95503578516,549902.6591423274
2025-05-08 04:35:01.033639,62994.332305051656,63970.67560988053,62301.13512561688,63574.89666813059,583369.0824977891
2025-05-08 05:35:01.033639,61978.64983867195,62367.30122811633,60669.20460278795,61105.44418431874,477180.88654309965
2025-05-08 06:35:01.033639,60203.62047795389,60815.637386550385,60046.229648833454,60528.07196590254,686899.5624133883
2025-05-08 07:35:01.033639,59848.64848368117,60470.63904291442,59397.66084221419,60316.22245927027,472445.75787934783
2025-05-08 08:35:01.033639,60097.89995273918,60572.52889133906,59530.29342834914,59836.3513322392,460555.6060367829
2025-05-08 09:35:01.033639,61579.625614301396,62150.289425687086,60512.15671309202,61110.17635914527,311596.57855056063
2025-05-08 10:35:01.033639,62617.83686004145,62854.066656946714,62074.054944204196,62337.92050529525,618562.6070472563
2025-05-08 11:35:01.033639,62929.52915732109,63361.066644682796,61988.32574432892,62145.64226833534,611419.3680777291
2025-05-08 12:35:01.033639,63183.1515944011,63464.42426060995,61987.17861158511,62269.0834776418,612777.6285924834
2025-05-08 13:35:01.033639,61877.53435455702,62778.29212951651,60952.015682623394,61302.545185064635,784293.3224189295
2025-05-08 14:35:01.033639,61604.16295159712,61980.83858549367,61216.75818422506,61509.153840451065,763885.1243512029
2025-05-08 15:35:01.033639,61460.11163965579,61898.36469907804,60650.86194482607,61273.93786122875,479880.3165391415
2025-05-08 16:35:01.033639,60981.528572164585,62163.60332910174,60754.39914469418,61472.30128606173,839136.3628049036
2025-05-08 17:35:01.033639,60521.12518778633,61587.289827537905,60026.7405197727,61055.457927418116,481749.4372999156
2025-05-08 18:35:01.033639,61128.013568575654,61405.282120707125,60714.45703453742,60926.10454426414,748466.6439580163
2025-05-08 19:35:01.033639,62916.54290930629,63058.70894144453,61842.40957356638,61991.90526014644,771113.725889045
2025-05-08 20:35:01.033639,62065.35699976678,63722.90342790041,61850.19674811629,62843.184513843684,519408.4489568228
2025-05-08 21:35:01.033639,63297.07096235575,63704.1642410773,62786.62375916936,63016.95811507191,768793.113448383
2025-05-08 22:35:01.033639,64447.36756424432,64689.6645347366,63309.45210869824,63648.457286027435,532899.4236761973
2025-05-08 23:35:01.033639,64080.59815600859,64623.45246466117,63123.536367151784,63323.03370176622,474302.70340285223
2025-05-09 00:35:01.033639,63688.90935280426,64661.79727415971,63419.42444972468,64071.52270105388,388381.8265673822
2025-05-09 01:35:01.033639,63990.05402974144,64432.20999032466,63781.08953045717,64141.62140145817,874760.4726340623
2025-05-09 02:35:01.033639,64483.445590049734,64879.866348174146,63557.39955067673,63859.12281944691,345743.5307841387
2025-05-09 03:35:01.033639,63380.72210035436,64054.21473511597,63069.38337076357,63777.11357794437,559689.6013256815
2025-05-09 04:35:01.033639,63515.92069662528,63737.81903078859,63048.22978400559,63335.32358838565,329987.41719580727
2025-05-09 05:35:01.033639,63245.09650182545,64646.038477935756,62931.83875903672,64374.361767600785,445186.2781902272
2025-05-09 06:35:01.033639,65933.81430863135,66161.31479714977,64256.39849594338,64450.83765061443,727033.6834476292
2025-05-09 07:35:01.033639,66320.0336259885,67509.94532236026,65539.29484147695,66869.086542811,656136.5612272717
2025-05-09 08:35:01.033639,68627.22071348294,69332.3926835618,68542.25847903985,68997.40980395499,775557.06977303
2025-05-09 09:35:01.033639,68205.97347208351,69922.39865944795,67980.8603394201,69356.60304780427,886384.7447949022
2025-05-09 10:35:01.033639,70137.65570346711,70680.45716073806,68925.1812196463,69298.47141824552,448404.18949145
2025-05-09 11:35:01.033639,70141.0957837163,71046.61316442811,69444.15414105741,70607.59407590843,762976.1465871646
2025-05-09 12:35:01.033639,72542.68084119329,73262.01497351748,71812.86825462102,72330.4864531237,855716.4410590692
2025-05-09 13:35:01.033639,72337.95854171674,72959.51981761516,71903.93347136644,72567.54682412384,808825.2537608903
2025-05-09 14:35:01.033639,71855.1779087781,72432.90832118994,70674.31878616595,71533.09449724367,588534.0879618054
2025-05-09 15:35:01.033639,70887.86855780533,71519.75703917448,69876.12323571504,70436.38104707294,851718.6147936299
2025-05-09 16:35:01.033639,68968.43148944706,69367.68228857701,67326.48970942594,68043.58183666854,535474.911737688
2025-05-09 17:35:01.033639,66526.102368568,68009.44381602794,66324.5397133176,67555.95024986588,514272.6955803017
2025-05-09 18:35:01.033639,66494.0476009692,66961.13459009168,65258.73881869324,65865.75972174665,693978.6442247258
2025-05-09 19:35:01.033639,66300.2842368147,66429.86504410082,65453.40276296885,65901.87092094262,603574.744640959
2025-05-09 20:35:01.033639,66225.14382245758,66688.67743455998,65734.10412838646,66144.48597094817,820062.2127036002
2025-05-09 21:35:01.033639,67788.70718559263,68568.78853989506,67504.0475213888,68222.3704454854,648053.3008016727
2025-05-09 22:35:01.033639,69349.35671783892,70215.76571871674,68802.37057187861,69708.66802932855,836456.5815199505
2025-05-09 23:35:01.033639,69067.02488247665,70407.7880842677,68399.99388126761,70030.61631603104,585801.4399806593
2025-05-10 00:35:01.033639,68827.45794573742,69187.65286131107,67820.93757088628,68402.5373050761,498938.81944031623
2025-05-10 01:35:01.033639,68767.49445553483,69645.59204475067,67783.38786124621,68663.08746193557,864470.7123018648
2025-05-10 02:35:01.033639,67953.47001263154,68192.2807502211,66832.68675604914,67057.93018843098,499314.61986936274
2025-05-10 03:35:01.033639,68463.29277421867,69716.29511042923,68071.63351335662,68993.69335102456,825529.8501102342
2025-05-10 04:35:01.033639,70708.36076292252,71191.43868558641,69727.16119048232,70437.29413717931,376720.08073345054
2025-05-10 05:35:01.033639,70778.9478182098,71373.67229594287,69589.71473199374,70108.83911805307,332780.65200058336
2025-05-10 06:35:01.033639,69049.57211193534,69816.44355095322,67789.40189077762,68556.48106700968,438249.99727040995
2025-05-10 07:35:01.033639,69350.16712615147,69969.33583683308,69271.08159365549,69682.85426581262,697828.3150820534
2025-05-10 08:35:01.033639,69468.61911788354,70627.90638148462,68895.17436641679,69971.49960537336,495177.08041381865
2025-05-10 09:35:01.033639,70892.7153872174,71879.01430887447,70156.65942852455,71273.39369098848,841164.11804949
2025-05-10 10:35:01.033639,69270.71462913274,70733.57442286974,68908.87557796587,70108.21013207277,654382.7003967827
2025-05-10 11:35:01.033639,69235.67735312774,69687.08148531293,68087.49896752601,68433.44334772871,400392.78240063624
2025-05-10 12:35:01.033639,67951.30281632456,69499.51568175507,67741.95784234327,68650.56061916093,459195.68253328017
2025-05-10 13:35:01.033639,69022.85366277864,69346.58441044572,67835.45038446,68132.23391412414,361509.57843988464
2025-05-10 14:35:01.033639,67950.58518047555,68845.71021728139,67463.73086374611,68670.43369990216,796503.7919239328
2025-05-10 15:35:01.033639,68320.27152286109,69445.3069815356,67802.1673424943,69229.06620399641,716757.2563519712
2025-05-10 16:35:01.033639,67561.9702095182,68577.08391941896,66911.94935979684,68282.06930124546,417144.3617738952
2025-05-10 17:35:01.033639,67799.55062885635,67923.20624254504,66784.46577806241,66963.68657189677,720701.9169541559
2025-05-10 18:35:01.033639,66729.24718953749,68181.94538831152,66528.96604098461,67683.57790242597,528310.6259219367
2025-05-10 19:35:01.033639,67581.4535804725,68295.60155367419,67395.91882434818,67984.07922504703,315116.0483755376
2025-05-10 20:35:01.033639,69192.26244134082,69594.14315254599,67755.04124383596,67960.83151721631,562596.7968889221
2025-05-10 21:35:01.033639,67523.81883004318,68348.48393973125,67351.12788215761,68067.80014525728,880221.1651536877
2025-05-10 22:35:01.033639,65943.08368018338,66517.78487864035,65787.89582124245,66404.69308608554,407553.367144674
2025-05-10 23:35:01.033639,66568.74362609089,67713.4011437887,65975.4415342447,66935.98749887286,819177.4553453474
2025-05-11 00:35:01.033639,67472.4769405688,67812.53366021745,66926.92728259458,67061.03854091422,703621.7965253388
2025-05-11 01:35:01.033639,67260.50431039969,67693.86032018588,65960.78539274428,66430.97140516432,799698.2260729627
2025-05-11 02:35:01.033639,68638.30837789361,69079.6713555645,67163.96718334011,68082.0984467946,629315.1990464135
2025-05-11 03:35:01.033639,68785.4190849082,69173.35309736623,68092.2046389308,68364.09511873749,500429.97940126155
2025-05-11 04:35:01.033639,69972.29355462949,70787.12577590805,69063.19223355789,69384.69905209079,471454.99475562363
2025-05-11 05:35:01.033639,70216.53726159122,71047.75145296712,69734.58048829157,70420.88862689694,524352.6282076881
2025-05-11 06:35:01.033639,72004.56861909901,73615.84774920606,71519.4430975804,73097.85312260357,419395.28337566205
2025-05-11 07:35:01.033639,74973.31296180912,75718.20967164778,74340.17273012816,75182.34775679013,465791.46507951216
2025-05-11 08:35:01.033639,75498.42390010708,76240.45602453467,74832.4281495691,75828.58027059598,407618.80920732627
2025-05-11 09:35:01.033639,77086.69859061523,77850.71794367759,75594.04185121381,76056.31293574,722732.6568164672
2025-05-11 10:35:01.033639,78010.62396704488,78500.04433405265,77064.60476790532,77630.58350916639,423199.76322407986
2025-05-11 11:35:01.033639,79780.47265678224,80383.02528653352,78818.01585320284,79189.38879597426,881122.3990199353
2025-05-11 12:35:01.033639,79141.76286982893,79961.83946358306,78216.1285653271,78424.62006026153,478374.47418440017
2025-05-11 13:35:01.033639,79466.239496503,80173.56033718972,79229.78575029493,79946.48999122504,460441.2167145248
2025-05-11 14:35:01.033639,80989.67561132256,81491.11587104957,80655.87937440748,81299.3543541169,723977.9219272257
2025-05-11 15:35:01.033639,79692.97163147418,80384.05690222717,78619.10995670178,79079.64230546706,819657.380167015
2025-05-11 16:35:01.033639,77867.01002092913,78852.23777306157,76603.21135704695,76877.82984418627,741921.1370008755
2025-05-11 17:35:01.033639,75481.34955865255,76030.97300595188,73956.65339482046,74412.05815604981,708067.1312681837
2025-05-11 18:35:01.033639,74237.96137691705,74596.23349232339,73253.53333493914,73788.947623035,570152.5476857342
2025-05-11 19:35:01.033639,75084.71567333747,75440.37646302003,73272.76198999358,74193.09588819671,703476.2988150173
2025-05-11 20:35:01.033639,76063.45478715216,77179.32988910221,74932.62572613212,75666.32490153721,355575.28983082034
2025-05-11 21:35:01.033639,76329.37346145684,77618.70343952657,75704.63883023041,76859.74745418354,560641.9914039659
2025-05-11 22:35:01.033639,79051.58447715537,79559.73304142184,77636.51892697254,78126.32949433727,682612.9481375613
2025-05-11 23:35:01.033639,77638.46820804145,78257.01846982483,77104.20389614117,77772.49988217572,826482.027992689
2025-05-12 00:35:01.033639,75747.51430154868,76497.52869269512,74625.53234947908,75400.98326023709,462483.79682218353
2025-05-12 01:35:01.033639,75095.22451384431,75449.52112808579,74329.83094778075,74561.50224733373,664039.0348304618
2025-05-12 02:35:01.033639,75768.28892755751,75978.630792323,74217.0284575175,74506.99395603497,783054.1910973976
2025-05-12 03:35:01.033639,74698.55182892928,76125.3072042655,74137.35649845414,75290.59216287233,670070.1647115246
2025-05-12 04:35:01.033639,72593.68569659666,73878.98656233723,72065.07483215767,73021.70192686035,522667.76305807667
2025-05-12 05:35:01.033639,71814.79812982022,73283.52253050655,71230.31813768494,72477.72482079777,521069.35194994736
2025-05-12 06:35:01.033639,70108.27511749466,71716.87790094186,69743.02271004648,71088.67513420683,678148.3316736948
2025-05-12 07:35:01.033639,70767.97710116705,71480.58897058367,70418.63841191978,71137.59827392842,689593.3947461289
2025-05-12 08:35:01.033639,72061.30230993457,72410.11028751207,70359.53750295812,71145.0027556853,566351.6727038267
2025-05-12 09:35:01.033639,70730.00656212251,70950.25687794459,70213.50439247415,70565.32548936548,594657.4376298991
2025-05-12 10:35:01.033639,70450.41059552554,70837.57866530941,68844.16564567253,69514.21471086374,693104.2287146028
2025-05-12 11:35:01.033639,68657.06101083154,69111.57000005087,68068.67556803625,68560.71652099832,411388.0229407458
2025-05-12 12:35:01.033639,67649.35565153028,68959.83515072564,67372.6262075599,68601.21120070376,366259.1180466616
2025-05-12 13:35:01.033639,69064.95880860317,69500.3321055917,68411.94572207496,68731.92885484849,621332.2889278035
2025-05-12 14:35:01.033639,68636.72084668133,68833.89505319537,67664.26149338066,67879.80491172144,484677.4990084474
2025-05-12 15:35:01.033639,68272.28238315965,69494.3283875894,67556.71655202558,68800.2176600477,603380.4920531753
2025-05-12 16:35:01.033639,68024.34771304113,69086.35554089534,67123.4082856875,68413.24580710757,632022.713849863
2025-05-12 17:35:01.033639,67691.59344058762,67902.64099610271,66553.86413170773,66863.0357372366,802745.0249110821
2025-05-12 18:35:01.033639,66553.35047106732,67781.25961825825,65963.97711617933,67316.43274105503,396219.2436718459
2025-05-12 19:35:01.033639,66230.70213647159,66574.2441885235,65029.68075421592,65660.11090189576,370530.780090132
2025-05-12 20:35:01.033639,65229.04917627635,65412.782407844985,64548.17233271433,64727.180839858804,608960.0099479556
2025-05-12 21:35:01.033639,63658.35784569211,64072.885759861296,63230.94557509362,63596.09564718186,834513.3209898882
2025-05-12 22:35:01.033639,65057.40261332867,65498.894312636156,64534.6476921014,64931.00654771233,611534.7424681231
2025-05-12 23:35:01.033639,65505.15350327133,66196.92068962968,64746.39262307386,65244.77499570572,440522.0225558005
2025-05-13 00:35:01.033639,64741.7878703522,65439.80016515145,64504.77884883188,65180.56679297757,549465.0621139931
2025-05-13 01:35:01.033639,64686.27956433061,65626.83446172092,64418.78306681534,65362.10019263611,403016.34462326975
2025-05-13 02:35:01.033639,65392.582595800544,65589.7494851272,64290.79757154653,64612.2004019418,619502.4398495891
2025-05-13 03:35:01.033639,64681.84880734044,65117.47108264464,64320.9141947248,64826.634326852225,385705.1788885991
2025-05-13 04:35:01.033639,65457.806948667,65991.50185026575,64436.701608545925,64657.063585108226,422589.83003938216
2025-05-13 05:35:01.033639,66069.53033975868,66725.63219579327,65394.122616306995,65637.65139707507,341427.54378875985
2025-05-13 06:35:01.033639,65508.45875657662,66472.25806522374,65189.53642172627,66184.22632159905,451963.43011362903
2025-05-13 07:35:01.033639,65093.78987884076,65569.04820181165,64903.66505487213,65458.892079770645,792833.0177404165
2025-05-13 08:35:01.033639,65045.343368795504,65683.61416241647,63942.3151339403,64261.6288365165,570776.467817553
2025-05-13 09:35:01.033639,62300.50327077004,63030.4401303526,62174.73513053879,62762.19706636214,345419.8363858725
2025-05-13 10:35:01.033639,60250.11666974145,61176.86758520008,60100.138682485376,60726.13712694745,340184.1672151629
2025-05-13 11:35:01.033639,61597.93203790045,62075.786446408645,60389.01692228175,60579.24012069865,339938.8367485337
2025-05-13 12:35:01.033639,63043.46299480287,63548.20802304583,62105.306093449755,62362.82683492899,560083.3396533807
2025-05-13 13:35:01.033639,62860.13159079136,64047.634839379316,62158.10477624154,63269.23259482409,510312.3205716971
2025-05-13 14:35:01.033639,63864.166607473046,64255.64074548589,63144.0361737038,63493.41859521905,733642.6513432828
2025-05-13 15:35:01.033639,64157.688527014194,64904.842811185415,63420.46612634491,64291.894633960044,697010.573039914
2025-05-13 16:35:01.033639,67497.45328431473,67732.67587778869,66412.69964474218,66664.65165349981,629051.4977961376
2025-05-13 17:35:01.033639,68858.65860678646,69432.38148982149,68650.19433846702,69285.94353294681,751048.1954375042
2025-05-13 18:35:01.033639,69428.686947739,70436.37463932164,68624.40973760941,70016.83770257987,672284.2710311824
2025-05-13 19:35:01.033639,68886.10294951533,69606.96753002213,67898.79777790194,68144.49441223644,749986.6790712425
2025-05-13 20:35:01.033639,66530.17159855213,67924.02382883034,66037.53893803913,67474.38599342473,833476.754364006
2025-05-13 21:35:01.033639,66568.316785871,67377.45118041754,65939.22190626779,66930.97949230736,729838.2671748594
2025-05-13 22:35:01.033639,65988.37208430054,66368.64545984355,65353.14592705474,65762.79818349118,428947.5822218375
2025-05-13 23:35:01.033639,64076.446235749856,64912.5862057433,63722.899828924215,64407.16954412682,346183.00162852445
2025-05-14 00:35:01.033639,63785.656657058724,64044.963575447604,62530.91838511382,62888.529337387154,777744.8703248211
2025-05-14 01:35:01.033639,61928.93727039112,62508.93061397185,61551.25294052764,62389.82174389164,681824.5689200247
2025-05-14 02:35:01.033639,63209.23243590224,63650.24082642191,62609.21670027691,62840.47356446266,431229.3677987564
2025-05-14 03:35:01.033639,64621.76849511782,64952.8170101748,63545.37214767122,63790.301485249234,766815.145886792
2025-05-14 04:35:01.033639,64645.76658215079,65402.54576741366,63773.82379256856,64132.827453491256,521008.3282766108
2025-05-14 05:35:01.033639,66161.03481775553,66648.8445028564,65417.52865635869,66016.60006371007,827511.4635607485
2025-05-14 06:35:01.033639,66537.10421976905,67047.2815306645,66057.78289651696,66816.47004674346,493816.4074524563
2025-05-14 07:35:01.033639,65671.95461104948,66833.12367389309,64990.33820734346,66575.84199842144,897694.6040992673
2025-05-14 08:35:01.033639,66954.19126250467,68021.21040672238,66241.66916971243,67541.94606831738,340353.5483804207
2025-05-14 09:35:01.033639,67909.57641062087,68419.94751734509,67610.67693291993,68257.50551783702,783999.0318160899
2025-05-14 10:35:01.033639,67124.47028358445,68215.00939139612,66387.08167149966,67330.54888942292,546714.9107967516
2025-05-14 11:35:01.033639,67035.95595688527,67336.00159944259,66492.77236402969,66650.03857924893,639708.4147350425
2025-05-14 12:35:01.033639,65883.91453202956,66519.75846774294,65447.16039816177,65989.62963747024,758612.0318618565
2025-05-14 13:35:01.033639,64412.74303531032,65159.385864096104,63711.2114384854,64920.21674577119,671715.720021782
2025-05-14 14:35:01.033639,64345.06648750916,65511.06910471363,64132.44599266764,65145.423241988894,648570.2279329075
2025-05-14 15:35:01.033639,66324.0483187185,67669.65373425321,65681.81124023664,67238.21001396704,533538.283015073
2025-05-14 16:35:01.033639,65590.07224796206,66427.66420320708,65466.32130633648,66304.28142587924,505143.1668632942
2025-05-14 17:35:01.033639,66797.47392171535,66936.03153956372,65574.25320283983,65720.7163261192,689705.3578244685
2025-05-14 18:35:01.033639,65342.16580297414,66606.7802739445,64891.49824076479,65785.74200165112,572858.6055315967
2025-05-14 19:35:01.033639,64926.22807894166,65920.13562346948,64389.278476192056,65731.3454131545,400414.2193420686
2025-05-14 20:35:01.033639,64082.660100204776,65086.84246807885,63797.53541918743,64776.706855292185,465172.9280711161
2025-05-14 21:35:01.033639,63256.15760498844,63872.19877172563,63039.39654682034,63515.54489304059,723083.487342338
2025-05-14 22:35:01.033639,62807.48702427261,63815.7402837413,62608.17445926289,63293.940671418866,311486.920798102
2025-05-14 23:35:01.033639,61961.349662629655,63206.41168371858,61609.88322726875,62943.40276288741,781686.5608947003
2025-05-15 00:35:01.033639,62054.42442479929,63322.51247771305,61498.97028828922,62703.88468875719,392214.6257065227
2025-05-15 01:35:01.033639,62865.08135393917,63040.99928413746,61702.98627247197,62059.86602454215,655704.108304866
2025-05-15 02:35:01.033639,62169.58472999186,62687.477874502016,61624.70238895583,61976.12604637846,350739.2268583427
2025-05-15 03:35:01.033639,60826.85372505464,61984.71115732222,60627.580737367854,61663.91017703374,426739.0988837586
2025-05-15 04:35:01.033639,60434.03854023916,61389.390190236474,59738.42194888591,61050.89288874153,471911.7293562738
2025-05-15 05:35:01.033639,60969.57806004374,61783.12459093561,60194.19880445811,61559.00080332083,673578.3201591949
2025-05-15 06:35:01.033639,62163.71912896445,62455.80665033804,60642.103438533464,61503.68931539005,501167.4300469774
2025-05-15 07:35:01.033639,60654.93328232749,61225.75341052619,60535.34782994473,61115.99201917088,862779.1388603365
2025-05-15 08:35:01.033639,60791.33874174749,61126.70622642597,60415.5582001571,60711.17017404418,437619.4662226034
2025-05-15 09:35:01.033639,61429.95069109022,61976.753100963026,60787.040326303824,61302.19019829869,388365.33813125454
2025-05-15 10:35:01.033639,59450.82623780947,61022.525903031135,59250.80733699655,60448.3051736871,467021.08899759396
2025-05-15 11:35:01.033639,60419.64023115368,61014.340269047854,59450.355321161405,60086.89344626205,377807.3869345412
2025-05-15 12:35:01.033639,59950.086614219865,60158.212727785896,59254.89666521629,59683.948365729506,426304.1637992058
2025-05-15 13:35:01.033639,60246.73902721218,60817.15624039823,59245.50758772418,59487.75590223683,392955.1866860656
2025-05-15 14:35:01.033639,59575.899480077984,59838.706715764114,59145.34283054755,59335.765968131025,782282.9342900851
2025-05-15 15:35:01.033639,57683.569636386535,58201.06474846165,57464.10586259402,57875.05736217481,674399.0913173894
2025-05-15 16:35:01.033639,56063.47082108649,56468.44712124664,55601.42926130462,55875.5511569761,483878.0808256922
2025-05-15 17:35:01.033639,55800.07113851154,56288.68818785793,54819.415500577714,55284.6275360309,735003.6457794711
2025-05-15 18:35:01.033639,55245.49311908011,56214.39931590389,55019.42812837274,56029.0368066684,488325.2980334823
2025-05-15 19:35:01.033639,54484.17014448362,55505.796122191896,54365.309103316846,55341.34670366801,522880.35757462605
2025-05-15 20:35:01.033639,55456.42528190857,55612.56495486944,54844.7030121284,55077.34396605781,589908.5179882011
2025-05-15 21:35:01.033639,54533.59863134112,54759.33363870959,53313.0757790846,53800.866852613246,496939.86340700364
2025-05-15 22:35:01.033639,53588.41006511104,54151.71239758309,53128.27216808997,53720.401613784095,870866.8953978552
2025-05-15 23:35:01.033639,52451.610859408225,52971.74921641371,52260.91140464779,52755.54774300709,686847.1491460912
2025-05-16 00:35:01.033639,51725.970315191065,52216.94643724601,51460.282313258496,52038.878326203674,384734.1260238897
2025-05-16 01:35:01.033639,51770.06414811684,52199.84969797463,51093.70237576561,51550.0059328826,409702.66792129027
2025-05-16 02:35:01.033639,51472.112894666425,51646.65387798757,50295.19956270045,50446.602165068325,642756.2819622584
2025-05-16 03:35:01.033639,50707.20577641035,50824.69242252426,50175.261584368076,50404.53905589875,352210.33098167327
2025-05-16 04:35:01.033639,50731.29846185723,51614.73388601061,50535.22849702784,51150.599740921745,703658.7686474799
2025-05-16 05:35:01.033639,51096.659099081124,51206.82353705605,50474.20737423488,50767.350851592615,457948.4079108067
2025-05-16 06:35:01.033639,51205.80408339396,51626.055740217584,51111.69570402009,51497.94489562322,750159.4583633053
2025-05-16 07:35:01.033639,50813.1064076712,51050.902345905946,50389.46190402409,50695.371090178785,591678.2911289545
2025-05-16 08:35:01.033639,51076.42997331677,51631.05380982408,50184.519588332754,50787.70067244566,442887.9921994178
2025-05-16 09:35:01.033639,52268.44274720234,52727.57793014797,51262.93955126164,51549.67143031035,392695.3224029555
2025-05-16 10:35:01.033639,50771.15204763264,51031.80990305533,50034.021960236045,50133.97728186352,761669.3364492283
2025-05-16 11:35:01.033639,49485.56356222828,49991.17591929341,49101.45715272287,49557.15818137134,422669.0234785638
2025-05-16 12:35:01.033639,49454.490837471836,50077.216090827285,49242.521538289824,49963.8998672259,605912.4057302745
2025-05-16 13:35:01.033639,49570.18222229122,50052.51926198003,49060.12845960014,49337.53743005174,562907.1679490067
2025-05-16 14:35:01.033639,49799.610288677875,50453.01908498504,49119.56259238594,49546.78137447544,442487.1340513545
2025-05-16 15:35:01.033639,49413.846027958534,49709.822494917564,49166.38464864426,49570.33710735302,468629.8501001335
2025-05-16 16:35:01.033639,49611.07797486602,49730.46230772065,49065.07824417672,49293.41314895259,750461.7895266333
2025-05-16 17:35:01.033639,49223.04894028538,49589.72536863012,48973.227604065316,49448.52102647094,639468.9329045978
2025-05-16 18:35:01.033639,50093.68660553556,50771.190641266614,49340.450411842176,50044.85791703746,796115.1365836519
2025-05-16 19:35:01.033639,50376.57135595499,50990.79184030259,49956.35049756565,50616.35872616028,318062.32332679135
2025-05-16 20:35:01.033639,50287.29934543826,51585.088053447864,50098.98315738703,50999.85780980421,666878.1667353965
2025-05-16 21:35:01.033639,51068.877727245235,51260.844076423266,50066.69901323988,50211.352270847616,830913.0706176027
2025-05-16 22:35:01.033639,50408.49577796606,50891.02701929705,49645.31441378211,49788.142678606564,306170.6975614152
2025-05-16 23:35:01.033639,49547.544140611026,50455.71630354585,49243.32612477359,50329.68051052422,487127.6614582351
2025-05-17 00:35:01.033639,50152.53367102788,50423.764738834994,49583.72992199945,49916.03139004887,506032.0213065865
2025-05-17 01:35:01.033639,49660.275708395886,50423.016224519386,49094.87847559536,49956.84461958038,857178.3372692365
2025-05-17 02:35:01.033639,49927.71785152147,50171.50756758832,49610.921439147256,49757.74728005514,390283.3626035985
2025-05-17 03:35:01.033639,51686.771515134686,52138.47025606068,50629.75422482059,51235.25711727699,582576.1514608401
2025-05-17 04:35:01.033639,52107.92785743831,53085.369346666164,51865.92593911159,52757.52984595255,842615.8649963143
2025-05-17 05:35:01.033639,52543.4108906061,53266.8384711213,51881.6046303819,52578.03258516039,427468.36631728377
2025-05-17 06:35:01.033639,53692.032211157864,54114.05808517042,52869.28168538343,53051.224732465234,837337.7088791032
2025-05-17 07:35:01.033639,53886.41047834612,54223.33484104067,52716.367015032236,53306.11394217374,414365.89984466985
2025-05-17 08:35:01.033639,52063.67267174055,52296.96316993734,51585.74840889609,51704.96246296498,371934.65608362725
2025-05-17 09:35:01.033639,50622.07516532432,51393.42061883272,50139.5635536553,51013.66221341373,479965.24186621356
2025-05-17 10:35:01.033639,49166.7067628011,49634.06093352654,48557.797689644845,49045.73968038449,628017.409243278
2025-05-17 11:35:01.033639,48770.886885833854,49051.46908077617,47694.68835962844,48015.61510894338,858932.9485856886
2025-05-17 12:35:01.033639,47840.775679354825,48811.66206713593,47538.88956994706,48632.652453147435,539711.2707521609
2025-05-17 13:35:01.033639,49519.48563475598,49657.427777557954,48843.03119750651,48989.30311029395,362672.71086009085
2025-05-17 14:35:01.033639,49859.71388575757,50345.1458211063,49272.40685223961,49388.01883715273,428817.53247801325
2025-05-17 15:35:01.033639,49661.872899262074,50111.59033974533,49546.2967410669,49836.27956935393,695230.5832362133
2025-05-17 16:35:01.033639,50488.91407164627,50937.5332713542,49896.63039167713,50180.599398852115,477814.568107973
2025-05-17 17:35:01.033639,48483.43966946153,49743.756662369444,48333.101781208374,49184.95159637315,881834.1796787862
2025-05-17 18:35:01.033639,48819.63949221975,49255.78878809393,48346.879681484854,48782.15070543692,715206.7535679928
2025-05-17 19:35:01.033639,49492.41241314044,49732.517137307936,48788.75332189447,49165.17989262601,646579.0526066537
2025-05-17 20:35:01.033639,48110.52469754002,48799.180203837794,47967.75027299419,48542.21860181562,510491.4656010094
2025-05-17 21:35:01.033639,48792.38410958085,49324.948651665545,48481.311175875046,48973.67804270005,350813.0051251841
2025-05-17 22:35:01.033639,49616.45765899216,49772.41629928724,48819.336606190634,49211.53320917497,528594.7642010399
2025-05-17 23:35:01.033639,48933.69516917169,49774.32886957925,48488.65040948407,49367.603986432434,481971.53450956976
2025-05-18 00:35:01.033639,50050.96385183311,50230.44641158595,48811.61453579719,49132.91386543295,618943.2916120387
2025-05-18 01:35:01.033639,51305.53451205473,51489.354010268,50943.73488104697,51181.35881853592,693845.7621003942
2025-05-18 02:35:01.033639,51440.2129795508,52639.78620329741,51113.41996926605,51918.3952700821,550600.1974901968
2025-05-18 03:35:01.033639,52019.23999048624,52583.195384735925,51938.96418534854,52431.61492996946,346081.8289886529
2025-05-18 04:35:01.033639,51901.36159772218,52489.651844721804,51600.03248983867,52341.492506000686,788802.6028259936
2025-05-18 05:35:01.033639,51481.31789181257,51935.75045779622,50793.573962152754,51316.291346872364,512938.6100919324
2025-05-18 06:35:01.033639,51515.082675876234,52236.66375873891,51291.275073689554,51790.48119299291,537155.5892586947
2025-05-18 07:35:01.033639,51499.25222180071,51617.449976581614,50918.382340518205,51256.195529963945,551509.7255412728
2025-05-18 08:35:01.033639,51023.094889629196,51517.4382023017,50833.52532231794,51238.779441268605,601456.3722998259
2025-05-18 09:35:01.033639,50698.8149778439,51434.87073431715,50183.45491498727,51252.75558002999,860582.4685004941
2025-05-18 10:35:01.033639,50680.03291443793,51767.32459202792,50321.32005560453,51277.54008570341,751438.7293822728
2025-05-18 11:35:01.033639,51175.667501329226,51886.85542765381,50827.56772568971,51667.157660028206,794682.9105627293
2025-05-18 12:35:01.033639,52055.38347760803,52538.68870383962,51863.7932079685,52429.265442928416,558781.0238046087
2025-05-18 13:35:01.033639,51997.53043064064,52547.42448160055,51631.64825494964,52398.780199372195,590412.3435056425
2025-05-18 14:35:01.033639,52104.0442259859,52388.87539396066,51336.996058811514,51726.10255161726,323561.6485449914
2025-05-18 15:35:01.033639,51396.91060428425,51482.62017675912,50693.81948756005,50783.50700628043,537093.178483383
2025-05-18 16:35:01.033639,50878.41407165124,51165.95988721884,49924.19785293284,50145.017890584706,868053.7468153446
2025-05-18 17:35:01.033639,50557.38653031698,51110.393707973955,50198.39951486679,51015.667535542874,315461.75925861066
2025-05-18 18:35:01.033639,50916.46771993064,51792.94761218173,50662.32417423955,51282.08110049706,863117.8700838782
2025-05-18 19:35:01.033639,50682.19903435661,51089.432977962526,50398.1167588378,50828.728345147436,627875.1250368747
2025-05-18 20:35:01.033639,51285.56345061591,51691.11747517434,50751.52034329936,51064.163851770354,754369.7869653003
2025-05-18 21:35:01.033639,52571.754528061894,53073.35932150109,51609.92402910019,52282.960516957166,309955.4883795587
2025-05-18 22:35:01.033639,52911.42609874482,53607.32627246382,52376.09704329897,53106.8625355846,314224.652186711
2025-05-18 23:35:01.033639,54506.263143197204,55313.91288749231,53856.54491165876,54720.166725071846,821045.7143681605
2025-05-19 00:35:01.033639,54521.63458229801,55267.438570765815,53712.87386694237,54465.661357143,644369.9196414063
2025-05-19 01:35:01.033639,53738.960260451946,53993.84012585421,53038.15666158843,53511.67773479236,772423.1748895638
2025-05-19 02:35:01.033639,52097.060755949184,52318.60114726963,51481.52287713006,51766.904819521806,884280.2480142898
2025-05-19 03:35:01.033639,52831.83525419028,53068.99853292494,51972.16015878769,52401.46620719223,842545.9748445391
2025-05-19 04:35:01.033639,53174.95870630504,53659.08166114995,52728.48623090965,53352.402536736474,799418.123796597
2025-05-19 05:35:01.033639,53486.670938261705,54057.36584904482,52663.96013131434,52905.127832111815,858239.0521015952
2025-05-19 06:35:01.033639,53709.95653433459,53943.02433783098,53304.514403140114,53401.39207895346,350114.94880801125
2025-05-19 07:35:01.033639,52846.476938404965,53237.81733134003,52485.987924704765,53010.02366123412,565264.220807832
2025-05-19 08:35:01.033639,54642.92570925799,54904.643702884176,53995.975651068744,54391.65793170711,643197.5269701557
2025-05-19 09:35:01.033639,54954.99936624795,55762.02305489822,54324.91260643945,55129.263019625796,460904.620646948
2025-05-19 10:35:01.033639,55570.484735502454,55787.78077683343,54835.23395545715,55289.91105994777,320803.62253563985
2025-05-19 11:35:01.033639,55880.9536512468,56457.285039239585,55459.09105915398,56214.32641375195,455896.88276417967
2025-05-19 12:35:01.033639,56348.837478064495,57318.83387362821,55751.58056590398,56679.39060842802,546782.3832397388
2025-05-19 13:35:01.033639,56612.84270631177,57312.55578588329,56469.96031573809,57118.11580300916,794610.2683496097
2025-05-19 14:35:01.033639,56671.65653620588,56878.79577480362,55867.47060222015,56227.310412062194,702762.4951374794
2025-05-19 15:35:01.033639,56941.48088384664,57031.29864795667,56159.00443434214,56540.650072539116,893052.5963780886
2025-05-19 16:35:01.033639,57703.937959433184,59016.31368111733,57298.025292758946,58554.30514500136,819660.9272267008
2025-05-19 17:35:01.033639,59971.90283896973,60209.81794073975,59266.62369147044,59583.08781922733,556491.8724541608
2025-05-19 18:35:01.033639,61214.24012223356,62073.1907002277,61050.91016871309,61644.45784942382,860659.8232520649
2025-05-19 19:35:01.033639,61363.22044118464,62423.15609067426,60956.06895832635,62147.06009334412,309720.2384036803
2025-05-19 20:35:01.033639,61448.99642246935,61680.20037732196,60075.00360190938,60240.68382833692,476440.47730606666
2025-05-19 21:35:01.033639,60447.22204172345,60964.2463697743,60104.27420232996,60832.00410953809,361705.55529448605
2025-05-19 22:35:01.033639,60279.210375506394,60861.90019340745,60104.70345200536,60739.80592137547,494597.6264109108
2025-05-19 23:35:01.033639,61050.23859127071,62121.13213885896,60676.43867344613,61793.20547984306,645215.5038774591
2025-05-20 00:35:01.033639,60571.11758385182,60786.61870411899,59667.52458653958,60125.7835871745,715412.5836926486
2025-05-20 01:35:01.033639,60908.03996832296,61624.79121003289,60727.54139575756,61254.66270137556,335965.98051678494
2025-05-20 02:35:01.033639,61071.34448804358,61721.33906204641,60947.3319570361,61348.26665327689,740490.7554249876
2025-05-20 03:35:01.033639,61401.12648290752,61533.01749768312,60506.278148029625,60883.30854010598,579202.1603636916
2025-05-20 04:35:01.033639,60129.21150322936,60373.92702978575,59756.83642320996,60058.50678402475,678825.1956289505
2025-05-20 05:35:01.033639,58320.604447668025,58937.17047876974,57855.20780547496,58524.26410599546,698294.6849116351
2025-05-20 06:35:01.033639,59197.908706385366,59444.8836462378,57727.94696789409,58190.22790963467,638351.7400533742
2025-05-20 07:35:01.033639,58750.129832711114,59295.14880535637,58120.66363656008,58425.60132559893,504575.14286133496
2025-05-20 08:35:01.033639,57782.02328025186,58505.90391881282,56870.708041204256,57220.823863931844,476012.0528646059
2025-05-20 09:35:01.033639,55929.67874268424,56923.63349870956,55768.01411357544,56712.01240672065,705816.6407236345
2025-05-20 10:35:01.033639,55536.04020299342,56348.47042712906,55034.55924950644,55692.09931551573,463172.7356389192
2025-05-20 11:35:01.033639,56595.971892254434,57210.48641779235,56394.92297695777,56996.30686028751,309746.06592567224
2025-05-20 12:35:01.033639,57312.507725936746,57639.92163076494,56240.582981788226,56628.71562380067,505638.5552567443
2025-05-20 13:35:01.033639,56022.84641668452,56141.364875110456,55433.3382887408,55527.25163126551,689872.8280585797
2025-05-20 14:35:01.033639,55454.91645857345,55593.918997310546,54926.99807961174,55052.426994619265,370931.17337465315
2025-05-20 15:35:01.033639,54818.45143352797,55171.26080767062,54622.25947893585,54952.64437898188,307738.48187371524
2025-05-20 16:35:01.033639,52299.34340856679,53267.947473239,52171.0660411536,52967.728809845816,608676.7966439365
2025-05-20 17:35:01.033639,51963.27310238215,52360.4091494799,51751.29696481642,52203.77845607827,533235.8087259281
2025-05-20 18:35:01.033639,51791.02034069061,52077.30095757009,51311.91152382807,51665.017866703245,406138.17049439036
2025-05-20 19:35:01.033639,52424.1483087786,52869.28429214764,51319.64467833293,51552.9469334428,897341.3402944127
2025-05-20 20:35:01.033639,53415.78557643038,54147.46459481381,52987.498865132824,53709.34273505168,541622.2325967362
2025-05-20 21:35:01.033639,54708.243325889416,55513.853931560254,54227.132890936744,54939.05501613108,679437.7538793051
2025-05-20 22:35:01.033639,54876.24617575555,55414.19735745213,54722.18200225675,55262.12324526699,752083.266395758
2025-05-20 23:35:01.033639,54713.81197701339,55023.65302562174,53533.318415426955,53909.37589764247,411983.96387860953
2025-05-21 00:35:01.033639,56108.61082553859,56298.673091226075,55709.8558531947,55858.9194251019,809975.5983019233
2025-05-21 01:35:01.033639,56892.497167608955,56982.80763926221,56194.813301194336,56554.75506980922,587094.6420643135
2025-05-21 02:35:01.033639,56738.577478344996,57397.395193823446,56164.6072852196,56809.12207554098,363290.0564766214
2025-05-21 03:35:01.033639,56708.30085715275,57440.52166534059,56206.78054944341,57138.39037997238,792040.5012333896
2025-05-21 04:35:01.033639,57168.24210249524,57306.705186475025,56689.326662918684,56935.70713869288,484662.54317588947
2025-05-21 05:35:01.033639,56528.42336627908,57573.37755044113,56305.182739671814,57235.089232202416,738133.0306543495
2025-05-21 06:35:01.033639,56286.24044511131,56956.71983570661,55980.017553643935,56542.57311784498,721042.9643263542
2025-05-21 07:35:01.033639,56330.45545881454,56490.455786582104,55309.33057899822,55890.002857084684,489463.89074969763
2025-05-21 08:35:01.033639,55535.093098184654,56019.58273423973,55399.11274546672,55791.58538282892,705397.7413242438
2025-05-21 09:35:01.033639,55052.64334659071,55727.29289526319,54737.59682637078,55395.657511184596,860837.9492929806
2025-05-21 10:35:01.033639,54734.77554567933,54952.807913522396,54133.70012386903,54225.66239984656,526703.528236312
2025-05-21 11:35:01.033639,54547.97047039004,54730.04924352764,54118.2816075483,54384.54172354675,694861.3308338951
2025-05-21 12:35:01.033639,54428.410628563426,55009.800589401224,53386.29867495839,53937.83203938742,369087.7070371207
2025-05-21 13:35:01.033639,55512.37085877346,56040.09051790545,54510.868288611324,54871.95419133263,565220.0525586741
2025-05-21 14:35:01.033639,53957.86190167324,54172.49797981225,52942.56695410574,53094.830470380606,689259.2316956315
2025-05-21 15:35:01.033639,54179.66359297824,54664.05817140957,53096.60823317724,53503.01243111317,649041.988452712
2025-05-21 16:35:01.033639,54971.71358425578,55416.57767892796,54426.38535020145,54766.32136681139,397596.48906329105
2025-05-21 17:35:01.033639,53680.50176071147,54311.70546825152,52987.244063988845,53356.839713895955,657137.8396316409
2025-05-21 18:35:01.033639,52822.02550089402,53750.506658226455,52295.6456438094,53490.38442323646,624167.3359124527
2025-05-21 19:35:01.033639,52344.13940212497,52869.83377561322,52260.83255247321,52661.87511351291,477795.48113988
2025-05-21 20:35:01.033639,51511.56932089533,51727.79126689727,51066.34241306047,51239.46214520073,348369.24310176104
2025-05-21 21:35:01.033639,50157.12868703015,51225.24672674544,49771.331707614234,50980.08098762276,348112.05408726796
2025-05-21 22:35:01.033639,49131.52145797613,49934.819321323834,48968.691377375995,49754.52808342836,466241.5498280398
2025-05-21 23:35:01.033639,50868.92901261527,51086.54352584848,49635.26298934921,49797.26058305687,406292.11393357534
2025-05-22 00:35:01.033639,51505.231297115824,51928.832684715,50674.94671606753,51042.94554650687,648387.1355457805
2025-05-22 01:35:01.033639,52216.02534253588,53260.273683011284,51752.358186628975,52994.68454850782,870319.6925726453
2025-05-22 02:35:01.033639,53391.081537477105,53689.13207424524,53131.45793398954,53591.959982903114,468200.8515308475
2025-05-22 03:35:01.033639,53017.76078152996,53179.734117504035,52511.57516023643,52743.840083854215,332739.2449696194
2025-05-22 04:35:01.033639,52117.42848248599,52868.64068110537,51718.74304010491,52393.19608087264,565546.4075596893
2025-05-22 05:35:01.033639,52301.48331427184,52779.615257306905,52203.924671597786,52627.17249692796,511861.7333630337
2025-05-22 06:35:01.033639,51213.32605346879,52328.3984780359,50985.541078526134,51996.153423123265,770643.2839276785
2025-05-22 07:35:01.033639,52366.95939564618,52500.24851410914,51359.286101889586,51682.81109403171,663053.7111243231
2025-05-22 08:35:01.033639,51670.153382423276,52214.46091137932,51467.44559072212,51896.18409709558,335752.2584118862
2025-05-22 09:35:01.033639,51307.59049267977,52115.20100449877,50976.69603170866,51649.22122275135,699913.1860158208
2025-05-22 10:35:01.033639,52014.02349469667,52276.12615913096,51673.11068344023,51930.12575631746,421376.36949492217
2025-05-22 11:35:01.033639,52579.143785973516,52896.10400864682,51966.281833202454,52240.87414825773,589976.5709797951
2025-05-22 12:35:01.033639,52254.39058268689,52769.84366422387,51846.30890290784,52494.887692192424,337224.85017393256
2025-05-22 13:35:01.033639,52986.488872471324,53427.30202053077,52820.46188331317,53337.01234288844,634724.2053960438
2025-05-22 14:35:01.033639,52632.3077028321,53339.57874127483,51804.69211681823,52545.08098843872,411166.11020012404
2025-05-22 15:35:01.033639,52845.27071391243,53415.81640166081,52314.874321072806,53281.92902522373,805299.2259902287
2025-05-22 16:35:01.033639,53454.27347437734,53821.825435513114,52971.09966410885,53353.26459608412,373970.2675793681
2025-05-22 17:35:01.033639,53485.366767568834,53872.9308937703,52786.53840218748,52899.73818215094,710588.5493552069
2025-05-22 18:35:01.033639,53794.212003833985,54333.00075055669,52780.94045083641,53212.579717149834,346054.8371332428
2025-05-22 19:35:01.033639,52554.693308966795,52956.760809745065,52425.4370005663,52778.40365527449,593786.4456192196
2025-05-22 20:35:01.033639,53251.328003780305,53607.14857385719,52634.56623195834,53051.966573042555,359054.51346082124
2025-05-22 21:35:01.033639,52665.99667023377,53890.8115736758,52343.27788477821,53312.25913601147,535888.2776964091
2025-05-22 22:35:01.033639,52786.55761978141,53119.488843796484,52342.315503167294,52482.97951156918,706527.4831102656
2025-05-22 23:35:01.033639,53806.51613815469,53953.00280903412,52835.00828480217,53361.47863758341,468360.4879427496
2025-05-23 00:35:01.033639,52714.500989604494,53523.752201328025,52621.58281918919,53159.51773809761,824584.4004822484
2025-05-23 01:35:01.033639,52154.81601891852,52625.09647193406,51243.00388772037,51707.56784598612,886932.4011159351
2025-05-23 02:35:01.033639,50379.761687906706,50815.29721146143,50127.982594277906,50672.57505163684,552006.6025773977
2025-05-23 03:35:01.033639,50126.83109866553,51021.336046837845,49932.68846723131,50854.30405770477,335770.3952067954
2025-05-23 04:35:01.033639,49773.90059708956,50168.292602989066,48986.3195010386,49317.93935175932,541643.6908480985
2025-05-23 05:35:01.033639,50477.910838567375,51048.894052979354,50018.400121161634,50812.068429442006,537600.5798313691
2025-05-23 06:35:01.033639,49593.983546849886,49669.14911533022,49044.28341457812,49136.863142704016,844225.176249013
2025-05-23 07:35:01.033639,50400.4116702078,50936.120291773055,49438.99258445045,49786.79389732452,590281.5239163884
2025-05-23 08:35:01.033639,50813.49851769092,51057.42251722329,50128.144857167405,50378.82924139127,396874.70043854404
2025-05-23 09:35:01.033639,50425.821575937785,51142.56298540693,50158.183278259414,50733.10323464463,745362.835351372
2025-05-23 10:35:01.033639,50449.650623608046,50548.90555435572,50020.71481849253,50165.67297965601,456697.45950651617
2025-05-23 11:35:01.033639,50076.345250788465,51063.41813015213,49857.46093766285,50815.003097886045,666064.7532217408
2025-05-23 12:35:01.033639,50594.567932293874,50989.19115874962,49991.32424907569,50322.97550555836,659579.5722038333
2025-05-23 13:35:01.033639,51285.3151361156,51802.4827231886,50762.77069259135,51076.24835226418,471375.59313734586
2025-05-23 14:35:01.033639,51907.77940085368,52246.84546846923,50972.49097282666,51129.75944980894,404645.5602668997
2025-05-23 15:35:01.033639,52072.649439026325,52324.132139123416,51317.10260948097,51598.85671055656,544419.3145276994
2025-05-23 16:35:01.033639,51541.19074786416,52151.26729175207,51096.71611410957,51633.50987588754,816998.9308194605
2025-05-23 17:35:01.033639,51262.634731192236,52082.698351095925,50972.67135962375,51887.40512627815,557804.0180130887
