timestamp,open,high,low,close,volume,sma_20,sma_50,sma_200,ema_12,ema_26,macd,macd_signal,macd_hist,rsi,bb_middle,bb_std,bb_upper,bb_lower,atr,vwap,stoch_k,stoch_d,obv,rate
2025-04-23 21:20:47.674020,149.59006946607556,151.82501284296987,148.17498715703013,150.0355015608213,1718.208443860752,,,,150.0355015608213,150.0355015608213,0.0,0.0,0.0,,,,,,,150.0118338536071,,,0.0,
2025-04-24 01:20:47.674020,148.93016629466308,152.07004591606625,148.50836105231093,151.59258694460334,1305.2380503831666,,,,150.27505315832624,150.15084121887924,0.124211939447008,0.0248423878894016,0.0993695515576064,,,,,,,150.31913501688186,,,1305.2380503831666,0.0005973713224089
2025-04-24 05:20:47.674020,152.29944110433027,154.14957049426283,151.39342273808893,153.83719402037664,2195.4299656338794,,,,150.82307482941093,150.42390438936053,0.3991704400503977,0.0997079983216008,0.2994624417287969,,,,,,,151.50020841346586,,,3500.6680160170463,
2025-04-24 09:20:47.674020,160.4013150888192,163.01015443533532,155.46930435091173,156.67241177661796,1225.3830077344164,,,,151.72297282128892,150.88675678841665,0.8362160328722723,0.2470096052317351,0.5892064276405371,,,,,,,152.80916073161757,,,4726.051023751463,0.0004449764934052
2025-04-24 13:20:47.674020,158.95290827353713,162.23878164323023,158.48118702032153,161.4061434603239,1605.0917551340474,,,,153.21269138114047,151.66597061596534,1.546720765175138,0.5069518372204157,1.0397689279547224,,,,,,,154.3843798374571,,,6331.14277888551,
2025-04-24 17:20:47.674020,158.46713797479683,161.45966558735705,158.1198713091738,159.97690916528617,1527.4944785456053,,,,154.25334027100902,152.28159569369282,1.9717445773162008,0.7999103852395728,1.1718341920766284,,,,,,,155.25648188322043,,,4803.648300339904,0.0005269287945278
2025-04-24 21:20:47.674020,163.58423467948688,169.80963584265868,161.81611910818492,168.05900478784275,1289.2367268296327,,,,156.3772886582142,153.45029266362985,2.92699599458436,1.2253275071085303,1.7016684874758292,,,,,,,156.59780763439068,,,6092.885027169537,
2025-04-25 01:20:47.674020,169.27971075937572,173.18945069568449,168.4448818452431,172.46271999598986,2119.860828834707,,,,158.8519704024874,154.85862061417504,3.993349788312372,1.7789319633492988,2.214417824963073,,,,,,,159.0085561177676,,,8212.745856004243,0.0007943773217073
2025-04-25 05:20:47.674020,168.48482202136847,173.42697648562648,167.39494248607497,171.97920129742417,1802.9503158865552,,,,160.87154438632385,156.12681177589718,4.7447326104266665,2.3720920927647726,2.372640517661894,,,,,,,160.462380503275,,,6409.795540117688,
2025-04-25 09:20:47.674020,171.50843182781566,176.4797243969055,168.6533583219827,173.74232123098835,890.9729097613035,,,,162.85166390088762,157.43166432812615,5.419999572761441,2.9816735887641066,2.438325983997334,,,,,,,161.17244238008084,,,7300.768449878991,0.0005598673152615
2025-04-25 13:20:47.674020,172.4780242718926,174.50612852147052,168.042273583377,169.87117057174996,1179.8118781924263,,,,163.9315880040972,158.35310923506128,5.578478769035911,3.501034624818468,2.077444144217443,,,,,,,161.84661919137588,,,6120.956571686565,
2025-04-25 17:20:47.674020,169.04345028154526,172.17221739312686,165.7219587893104,166.82469355365896,1290.2859621168943,,,,164.37668116556824,158.98063399940185,5.396047166166397,3.880037133088054,1.5160100330783433,,,,,,,162.30109961017237,,,4830.670609569671,0.0003957142510152
2025-04-25 21:20:47.674020,168.12757813222646,171.12931125498045,167.4142831573048,169.59250967863062,1684.3357137285002,,,,165.17911632142398,159.76669886452993,5.412417456894048,4.186513197849253,1.2259042590447944,,,,,,,162.90213203273768,,,6515.006323298171,
2025-04-26 01:20:47.674020,162.14956832588595,163.1003596885848,159.79277779748608,160.7312907678636,1706.14485224731,,,,164.49483546703007,159.83815011662873,4.656685350401347,4.280547628359672,0.3761377220416744,61.60592884663163,,,,,5.9919299035491225,162.76795694456396,44.361138223690375,,4808.861471050861,0.0007160110514324
2025-04-26 05:20:47.674020,151.0454156368203,155.66591619349248,149.12611598182957,153.24084441170066,1942.779292153056,,,,162.76345222774864,159.34946080515255,3.413991422596069,4.107236387206951,-0.6932449646108818,52.99176467629166,,,,,6.560154839270145,161.93317860348208,16.919030013259174,,2866.082178897805,
2025-04-26 09:20:47.674020,147.86940478277555,149.73731995627824,145.7513070930892,147.70389416894554,2193.972622016888,,,,160.4465971417789,158.4868262395076,1.959770902271316,3.6777432902198246,-1.7179723879485085,46.6214247578503,,,,,6.840715728902727,160.71966836664973,6.354336627724205,22.54483495489125,672.1095568809174,0.0007453920709994
2025-04-26 13:20:47.674020,141.64378414779563,146.0726679173565,139.39845243633124,143.1982016303601,984.6555640066292,,,,157.7929978323299,157.3543355277189,0.4386623046110003,3.02992709309806,-2.5912647884870594,41.10606596044403,,,,,7.23709387007704,160.06118806088165,10.247084291145272,11.173483644042884,-312.54600712571187,
2025-04-26 17:20:47.674020,141.3240407301256,144.2623072498931,140.52328579792797,143.380193385542,1169.9008454189143,,,,155.57564330205483,156.31921388755762,-0.7435705855027948,2.275227557377889,-3.018798142880684,38.37221914750087,,,,,6.848955372720359,159.33233659757775,10.737875856697237,9.113098925188904,857.3548382932024,0.0004691005970752
2025-04-26 21:20:47.674020,137.56146309053483,142.67475913826746,135.59009629089604,140.8659618121069,1379.4000936416849,,,,153.3126153805244,155.17452854863532,-1.8619131681109309,1.447799412280125,-3.309712580391056,31.30591833941341,,,,,7.007793031865622,158.40574952006824,12.902698717466356,11.295886288436288,-522.0452553484824,
2025-04-27 01:20:47.674020,134.43035330517193,135.11748483895866,131.62705456706203,133.35217391563774,924.1089607603744,157.4262464068235,,,150.2417782320803,153.55805783507992,-3.3162796029996287,0.4949836092241741,-3.811263212223803,28.184390452202777,157.4262464068235,11.941362005812186,181.30897041844787,133.54352239519915,7.429158243784307,157.63788318974002,3.8461909962556247,9.16225519013974,-1446.1542161088569,0.0005185848284132
2025-04-27 05:20:47.674020,137.4069750142964,137.81868488065822,135.20988427876017,135.78000336087683,1461.2607436309877,156.71347149682632,,,148.0168897903567,152.24116491106489,-4.224275120708199,-0.4488681367623006,-3.775406983945899,20.85046173068716,156.71347149682632,12.80029229045859,182.3140560777435,131.11288691590914,7.045857121473448,156.64964963708138,9.259089391043489,8.669326368255158,15.106527522130818,
2025-04-27 09:20:47.674020,137.27536819350792,138.1640391864653,135.3030002714645,136.53530481297952,1400.7774738569597,155.96060739024512,,,146.25049210152943,151.0777678667623,-4.827275765232855,-1.3245496624564117,-3.502726102776444,15.267072831737863,155.96060739024512,13.538835051663016,183.0382774935712,128.8829372869191,6.883756621984809,155.80137970608956,10.943050356952662,8.016110248083926,1415.8840013790905,0.0003117891336143
2025-04-27 13:20:47.674020,135.94042643755563,139.18990312792548,134.88046644705523,137.1132786920912,1311.918921939707,155.12441162383084,,,144.84476696161585,150.0433612612311,-5.198594299615252,-2.09935858988818,-3.099235709727072,16.35471993629092,155.12441162383084,14.17824405297404,183.4808997297789,126.76792351788276,6.760713956364719,155.0847916963679,12.231655653592366,10.81126513386284,2727.802923318797,
2025-04-27 17:20:47.674020,130.56532442061902,134.95975426925767,129.74440767380523,133.72620720717546,994.4016406221446,153.97710139535872,,,143.13421930708654,148.8346831831529,-5.700463876066351,-2.819579647123814,-2.880884228942537,12.558329793149497,153.97710139535872,14.95359473885616,183.88429087307105,124.0699119176464,6.728035738033516,154.45737823595445,8.895546145156572,10.690084051900534,1733.4012826966527,0.0001664772526731
2025-04-27 21:20:47.674020,129.21182851197457,130.52964499657256,127.94875034700058,129.84392769721,2160.345362137436,152.39899060720302,,,141.08955905941323,147.42796055456455,-6.338401495151317,-3.523344016729314,-2.815057478422002,12.555714971556014,152.39899060720302,15.771394241696136,183.94177909059528,120.85620212381076,6.679007303896471,153.0148052953862,4.2854562900568185,8.47088602960192,-426.9440794407833,
2025-04-28 01:20:47.674020,129.93400118103887,131.10956722594028,126.26556188174158,127.79965277362676,1568.4251839739024,150.7901277876201,,,139.04495809236917,145.97401183005064,-6.929053737681471,-4.2044859609197465,-2.7245677767617247,12.795640915275214,150.7901277876201,16.5782584809234,183.94664474946688,117.63361082577327,6.56427492820949,152.0253792522501,3.4194442357514303,5.53348222365494,-1995.3692634146853,0.000234605022047
2025-04-28 05:20:47.674020,127.32566475273784,128.0536388494634,121.75212991710193,122.62085432040053,1043.6867021839446,148.51822026424793,,,136.51817289668168,144.2441483108173,-7.725975414135632,-4.908783851562924,-2.8171915625727086,7.187843936821096,148.51822026424793,17.189343409083957,182.89690708241585,114.13953344608,6.706910016140917,151.2992279768197,2.10099539472363,3.268631973510626,-3039.0559655986303,
2025-04-28 09:20:47.674020,124.97744684371916,126.2043691383215,123.71422456490568,124.8652262011241,1774.510160124535,146.13834557450463,,,134.7254118665959,142.80867259898818,-8.08326073239229,-5.543679227728797,-2.5395815046634933,12.82616080489285,146.13834557450463,16.99356844258271,180.12548245967008,112.15120868933924,6.262894511624948,150.18105687733964,9.17944183126905,4.899960487248038,-1264.5458054740952,-0.0002349637432849
2025-04-28 13:20:47.674020,123.97811381960535,124.37706250786346,121.91517423580586,123.12320120957222,1971.702723883404,143.69554557011205,,,132.94045638089997,141.3504895331055,-8.410033152205557,-6.116950012624149,-2.293083139581408,14.561291426526124,143.69554557011205,16.590180368073238,176.8759063062585,110.51518483396558,5.64467145300239,148.9643262500662,4.899274546826143,5.393237257606274,-3236.248529357499,
2025-04-28 17:20:47.674020,122.66704946294114,123.40429810431893,120.07293100705571,120.9005187533587,2066.208020290579,141.05345544623057,,,131.08815828435513,139.8356768827539,-8.747518598398756,-6.643063729779071,-2.104454868619685,15.793095869999137,141.05345544623057,15.73905521769282,172.53156588161622,109.57534501084491,5.347659294334657,147.72586320140306,3.1830620023508804,5.753926126815358,-5302.456549648078,-0.0005184549001025
2025-04-28 21:20:47.674020,118.95213182597644,122.11866365593372,116.95146330900766,119.90180975134147,1875.922127461288,138.55498740521014,,,129.3671815869684,138.3590941322789,-8.991912545310498,-7.112833492885356,-1.8790790524251424,17.34577498850163,138.55498740521014,14.86557995978172,168.2861473247736,108.8238274856467,5.123499195356926,146.6234858591523,10.802838787112773,6.295058445429933,-7178.378677109366,
2025-04-29 01:20:47.674020,123.3804310391542,127.1620551959331,121.47580481905167,125.16508519971076,1914.619441112995,136.47200698751274,,,128.720705219698,137.38176013727386,-8.661054917575854,-7.422477777823456,-1.2385771397523977,27.65160671367641,136.47200698751274,13.557015915667533,163.5860388188478,109.35797515617767,5.375015194830247,145.7747433335322,31.930674611922186,15.30552513379528,-5263.759235996371,-0.0004378674370896
2025-04-29 05:20:47.674020,124.50817172605942,127.62983997662856,123.92839649996534,126.41427709595884,1876.306601687246,134.31309535837914,,,128.36587012373812,136.56935398606532,-8.203483862327204,-7.578678994724206,-0.6248048676029976,31.70097106408778,134.31309535837914,11.246129565383676,156.8053544891465,111.8208362276118,5.082968507831481,145.05472738279974,42.55160822433838,28.42837387445778,-3387.4526343091247,
2025-04-29 09:20:47.674020,124.92105166424264,125.6714768210712,120.27191260499876,121.88043766089292,1989.6861991616129,132.3705527030306,,,127.3681112833004,135.48128611012663,-8.113174826826238,-7.685578161144613,-0.4275966656816257,34.288574663789376,132.3705527030306,9.69050990782308,151.75157251867677,112.98953288738444,4.861786882539711,144.22062465853347,22.16420932412837,32.215497386796315,-5377.138833470737,-0.000489586674843
2025-04-29 13:20:47.674020,124.07813562823334,126.42366413529082,122.84642202791822,124.65055064289268,2108.0729646288955,130.94103801459022,,,126.95002503092996,134.67900940885005,-7.728984377920085,-7.694259404499707,-0.0347249734203778,34.89894088762716,130.94103801459022,8.483335907012505,147.90770982861522,113.9743662005652,4.867266561780954,143.4789421080655,34.62062715090091,33.112148233122554,-3269.0658688418416,
2025-04-29 17:20:47.674020,122.37653961914124,122.67801623679468,120.1651920486688,120.46612068983973,1610.1568321849293,129.57914934063493,,,125.95250128614686,133.6262028370715,-7.673701550924648,-7.690147833784696,0.0164462828600484,30.05267056908484,129.57914934063493,7.810278333933611,145.19970600850215,113.95859267276772,4.983289396011175,142.84976735662903,15.804424273694828,24.196420249574704,-4879.222701026771,-0.0002072913125672
2025-04-29 21:20:47.674020,121.67496498516344,123.51114980681908,118.71337207442753,120.48151716574236,1758.7776841155578,128.44331511740404,,,125.11081142146924,132.65252241697306,-7.54171099550382,-7.660460466128521,0.1187494706247012,29.061877632110523,128.44331511740404,7.364546806662258,143.17240873072856,113.71422150407952,5.018170899691269,142.19575370571653,19.60238128385776,23.342477569484497,-3120.445016911213,
2025-04-30 01:20:47.674020,113.61826150406276,117.7384197503405,112.6882608997326,115.39758244845288,1491.6304570538723,127.04418457054958,,,123.61646850254364,131.37437871560118,-7.757910213057542,-7.679950415514326,-0.0779597975432162,27.87110062879317,127.04418457054958,7.027854079951061,141.0998927304517,112.98847641064744,5.048484131671539,141.53216510583158,14.707542997999964,16.704782851850855,-4612.075473965086,-0.0003030296969221
2025-04-30 05:20:47.674020,109.41042878664064,110.8600569493338,108.71757686766196,110.54957232048848,1276.372518828118,125.52836509596868,,,121.60617678222746,129.83180046411135,-8.225623681883889,-7.789085068788239,-0.4365386130956494,27.23597611580205,125.52836509596868,7.157993176519414,139.8443514490075,111.21237874292984,5.112951897429828,140.88169351566023,8.181476606206333,14.163800296021355,-5888.447992793203,
2025-04-30 09:20:47.674020,109.49088130590404,109.94991622564928,107.60065875173964,108.1943461263938,901.6840141841852,124.27047370650646,,,119.54281821979151,128.22902606872486,-8.68620784893335,-7.968509624817262,-0.7176982241160879,27.037591000305085,124.27047370650646,7.884397898528394,140.03926950356325,108.50167790944968,4.977588199183408,140.41712757544477,2.902693748380583,8.59723778419563,-6790.132006977388,-0.0004910736761659
2025-04-30 13:20:47.674020,110.3839396353518,111.57866125705274,109.32065733656056,111.19196459119608,1809.3633407347445,123.04107176802242,,,118.25807150769992,126.96702151483385,-8.708950007133936,-8.116597701280597,-0.5923523058533391,35.89333311420286,123.04107176802242,7.912217133919582,138.8655060358616,107.21663750018324,4.769217213347514,139.58343100735328,17.930367692683134,9.671512682423351,-4980.768666242644,
2025-04-30 17:20:47.674020,112.32596805274488,112.5648162462513,110.2975033358004,111.09172418813682,1305.9632206003364,121.7688927367803,,,117.15555653545944,125.79107356470814,-8.635517029248717,-8.22038156687422,-0.4151354623744971,32.04924750030655,121.7688927367803,7.670120467983422,137.1091336727471,106.42865180081344,4.675202791385366,139.0224942737525,17.429895896388746,12.75431911248416,-6286.73188684298,6.800413122498605e-05
2025-04-30 21:20:47.674020,109.40115151986237,113.9800686979921,108.86053046049544,112.96307894993537,1314.3893782963737,120.5613827496725,,,116.51055998384037,124.84085174139165,-8.330291757551294,-8.242363605009636,-0.0879281525416573,36.80298699920725,120.5613827496725,6.998927664472806,134.5592380786181,106.5635274207269,4.830166096540967,138.49205136598374,26.773037489581466,20.711100359551114,-4972.342508546606,
2025-05-01 01:20:47.674020,110.09836195063814,111.732284326441,109.47349404760598,110.98618060724546,2109.531577642104,119.424381419676,,,115.6606554643642,123.81457980552896,-8.153924341164739,-8.224675752240657,0.0707514110759177,37.03948389316331,119.424381419676,6.582397712164776,132.58917684400555,106.25958599534644,4.841467368331408,137.64613599306958,16.90294684287371,20.368626742947978,-7081.87408618871,5.341657974072167e-05
2025-05-01 05:20:47.674020,106.3710845989105,107.49838151510431,105.22312168926372,105.93422170991128,834.454913522756,118.22889612031106,,,114.16428104060222,122.4901088354832,-8.32582779488098,-8.244906160768721,-0.0809216341122578,33.49042945189119,118.22889612031106,6.759262633120429,131.7474213865519,104.7103708540702,4.8840286948353855,137.27184466939755,3.1736018257013274,15.616528719385505,-7916.328999711466,
2025-05-01 09:20:47.674020,103.84939352901526,104.38689734685686,102.1502419092938,102.6011114937253,1625.0531476457393,116.96896905631596,,,112.38533187954422,121.01684977313076,-8.631517893586533,-8.322228507332284,-0.3092893862542496,22.05445338012848,116.96896905631596,7.214550140305589,131.39806933692714,102.5398687757048,4.635724005980089,136.4960278806644,1.769531776914186,7.282026815163078,-9541.382147357206,0.0001135983749436
2025-05-01 13:20:47.674020,101.80159962176684,103.79941500077176,98.61990546170249,99.4100932432033,1085.393757779179,115.80843100245612,,,110.38914132010716,119.41634928943245,-9.027207969325277,-8.463224399730883,-0.5639835695943916,18.090080330316,115.80843100245612,8.073277173573407,131.95498534960294,99.66187665530931,4.741300153294808,135.9608136836318,2.8420178393054583,2.5950504806403263,-10626.775905136385,
2025-05-01 17:20:47.674020,105.28370078549976,105.87608230000409,100.58924957381409,103.14139424292516,2086.7146705471064,114.7222394045462,,,109.274103308233,118.21079706376524,-8.936693755532232,-8.557918270891154,-0.3787754846410784,27.428610344491617,114.7222394045462,8.250072788689355,131.2223849819249,98.22209382716748,4.764416193712001,135.0477035418598,16.262149424846566,6.957899680355406,-8540.061234589279,-0.0002024207022307
2025-05-01 21:20:47.674020,104.61680713943076,106.61151334365,102.84449532638772,105.56255596232994,2203.9538034286484,113.84420714218408,,,108.70309602424793,117.27389031551076,-8.570794291262857,-8.560493474965494,-0.010300816297363,26.813380581126367,113.84420714218408,8.243386975700771,130.33098109358562,97.35743319078254,4.708972732488029,134.18857444447664,27.89193824289274,15.665368502348258,-6336.10743116063,
2025-05-02 01:20:47.674020,99.66357159899988,102.46912186755,98.86440368833054,101.32215975368833,1691.3371201260952,112.86528919220056,133.96277774017793,,107.56756736723877,116.09228064426466,-8.52471327702591,-8.553337435377577,0.0286241583516666,26.77697274631244,112.86528919220056,8.519203317031986,129.9036958262645,95.82688255813656,4.867029423900566,133.47338019085615,10.85624428622024,18.33677731798652,-8027.444551286725,-0.0002123463454475
2025-05-02 05:20:47.674020,100.2327862812445,102.2052643873955,98.3987036989649,100.72978541613934,2175.617226114838,111.90668797544043,132.9766634172843,,106.51560091322348,114.9543180347739,-8.43871712155044,-8.53041337261215,0.0916962510617107,26.370476055670224,111.90668797544043,8.760975619925803,129.4286392152921,94.38473673558885,4.796228206474784,132.58551525622863,12.05333993002775,16.933840819713577,-10203.061777401565,
2025-05-02 09:20:47.674020,100.45166621011522,101.6684710851644,96.8388638106726,98.71781057626538,1032.181739585642,110.58432424426816,131.91916788991753,,105.31594086138377,113.75161377858808,-8.435672917204329,-8.511465281530587,0.0757923643262579,28.462508946963325,110.58432424426816,8.649696239842271,127.88371672395272,93.28493176458365,4.584538992794928,132.1635228923099,10.961579293546375,11.290387836598123,-11235.243516987204,-6.20210202829082e-05
2025-05-02 13:20:47.674020,98.06954665270892,98.94431947059935,95.6623323711144,97.201276290576,2211.59221149925,109.12367420399904,130.7864495353215,,104.06753092741332,112.52566285355016,-8.45813192613683,-8.500798610451834,0.0426666843150052,31.14176952344451,109.12367420399904,8.295135702803561,125.71394560960616,92.5334027983919,4.341823386987359,131.24674610644365,8.401387005464768,10.4721020763463,-13446.835728486454,
2025-05-02 17:20:47.674020,97.09941029176372,100.74864236754972,95.64081035950493,98.82713238986376,1970.6925295604235,107.9710089404476,129.62954394758646,,103.26131576779032,111.51095689327708,-8.249641125486761,-8.45056711345882,0.2009259879720595,36.48769780580716,107.9710089404476,8.02655876145179,124.02412646335117,91.917891417544,4.496031846937071,130.49548121945026,17.374323277141215,12.245763192050788,-11476.14319892603,-0.0002596531727793
2025-05-02 21:20:47.674020,102.47708476830022,103.0448319283381,98.85880510700208,99.57455333350045,2174.699869937886,106.71720907497794,128.39291214504996,,102.69412154713034,110.62677885181216,-7.932657304681811,-8.34698515170342,0.4143278470216085,32.07831278272006,106.71720907497794,7.199928138429866,121.11706535183768,92.3173527981182,4.55555930463817,129.75674696856976,21.44984765136375,15.74185264465658,-9301.443328988144,
2025-05-03 01:20:47.674020,103.36536554605485,106.34581461870152,101.87936547458612,105.77898378111124,2049.095834250613,105.98285222954152,127.30895363736649,,103.16871573697355,110.26768292064912,-7.098967183675555,-8.097381558097847,0.9984143744222926,43.10316579413905,105.98285222954152,6.431838712924919,118.84652965539136,93.11917480369168,4.877269902834612,129.18788415552032,55.28126183996284,31.36847758948927,-7252.3474947375325,-3.158969654261059e-05
2025-05-03 05:20:47.674020,103.25301142930272,103.9395049129521,101.97480916460124,102.3201607656572,2230.914193972417,105.07478440953729,125.99417675692276,,103.0381688183095,109.67897757583488,-6.640808757525392,-7.806066997983357,1.1652582404579652,36.73060674510592,105.07478440953729,5.490253161957784,116.05529073345284,94.09427808562172,4.783315358478421,128.55083781625177,41.50863009738363,39.41324652957008,-9483.26168870995,
2025-05-03 09:20:47.674020,101.48838785275798,103.00079943049089,100.68241685512784,102.7410611986042,2013.178384703563,104.44195834704485,124.59974358097504,,102.99245995373946,109.16505784418815,-6.1725978904487135,-7.479373176476429,1.3067752860277153,39.30518114617312,104.44195834704485,4.939590032162678,114.3211384113702,94.56277828271948,4.699658049409398,127.98891447486392,59.879470643078456,52.22312086014164,-7470.083304006387,-0.0001062660731603
2025-05-03 13:20:47.674020,103.13969126225396,104.7412194237977,99.9472612134874,101.8199594877469,834.5632449763907,104.00547770540776,123.1965587447815,,102.81207526666368,108.62097648445176,-5.8089012177881045,-7.145278784738764,1.3363775669506597,44.022817896585416,104.00547770540776,4.753685919423917,113.5128495442556,94.49810586655994,4.630436570290009,127.76316427502964,56.32409461063813,52.57073178370007,-8304.646548982779,
2025-05-03 17:20:47.674020,102.94445080593592,107.45551381287962,102.44259256890588,106.9474779801306,1583.1475584039413,103.9431342980946,121.86066187976434,,103.4482910687355,108.49701363227985,-5.048722563544331,-6.7259675404998776,1.6772449769555466,56.00147617841614,103.9431342980946,4.703772727399292,113.3506797528932,94.53558884329604,4.762691893469669,127.40180989685874,95.69996966276878,70.63451163882846,-6721.498990578837,-8.439275116262485e-05
2025-05-03 21:20:47.674020,102.94787284817872,106.84688522788804,102.20442431156798,104.9849763277555,1425.8162029651403,103.6327848849226,120.56293799488444,,103.6847041855078,108.2368627208336,-4.552158535325788,-6.29120573946506,1.739047204139272,57.96814939528847,103.6327848849226,4.394959065619445,112.42270301616148,94.8428667536837,4.7315164741477655,127.07275146394764,79.089297544591,77.03778727266597,-8147.315193543977,
2025-05-04 01:20:47.674020,103.37609274765768,105.075324971612,102.78670380362443,104.14032509345154,1757.5510266087852,103.28521493018832,119.3092506256803,,103.75479970980685,107.93341548917566,-4.178615779368826,-5.868687747445813,1.6900719680769871,51.556178162884734,103.28521493018832,4.034087405091898,111.35338974037212,95.21704012000453,4.43313305351825,126.6681276364527,71.94014447750573,82.2431372282885,-9904.866220152762,-0.0001434845127488
2025-05-04 05:20:47.674020,101.1232791710236,102.91903344342968,98.96864788037722,99.88265143934233,1530.46155135569,102.63119355465868,117.91505346089454,,103.15908459127382,107.33706259659542,-4.177978005321592,-5.5305457990209685,1.352567793699377,41.630498963547886,102.63119355465868,3.3916683503614764,109.41453025538162,95.84785685393572,4.53346585321911,126.27586794177132,35.903068549941324,62.31083685734601,-11435.327771508451,
2025-05-04 09:20:47.674020,95.64788387518377,99.28462437454606,94.95966420958024,98.0769343290519,1591.4069573030797,101.985731240749,116.66196633211833,,102.37721532016276,106.65112716936996,-4.273911849207224,-5.279219009058219,1.0053071598509955,44.84843612205638,101.985731240749,2.912476846527444,107.81068493380388,96.1607775476941,4.406668350059301,125.8318048069359,24.94644396687184,44.26321899810629,-13026.73472881153,0.0004041076053579
2025-05-04 13:20:47.674020,98.2122579567234,100.3192184109681,95.59926051378382,97.90489825422908,1882.7058835104287,101.58426506796488,115.55524740896888,,101.68916654078834,106.00325836084102,-4.314091820052681,-5.086193571257112,0.7721017512044304,45.45504000289573,101.58426506796488,2.8928862419700825,107.37003755190504,95.79849258402471,4.471911007827422,125.33276286289664,23.5696982450172,28.13973692061012,-14909.44061232196,
2025-05-04 17:20:47.674020,101.13542277611288,103.4638148638758,99.48492025212845,101.69141064976544,771.8169985018229,101.53878002576688,114.63499773858528,,101.68951178832329,105.68386223409468,-3.9943504457714014,-4.86782494615997,0.8734745003885669,54.52579639051496,101.53878002576688,2.8831922285756235,107.30516448291812,95.77239556861564,4.524004531767059,125.15955878634252,53.871858688246135,34.12933363337839,-14137.623613820137,0.0003396359898134
2025-05-04 21:20:47.674020,101.91654473455752,103.91899971448234,100.87064800040562,102.92825482881062,2106.238041740623,101.71468810504724,113.82959880255429,,101.88008764070594,105.4797431670366,-3.5996555263306647,-4.614191062194109,1.0145355358634447,58.79126357935079,101.71468810504724,2.8536551895343365,107.42199848411592,96.00737772597856,4.507316289952185,124.71946967976449,63.76989858397762,47.07048517241365,-12031.385572079516,
2025-05-05 01:20:47.674020,104.21916022670426,106.7597803834564,103.63655810704694,105.69356574576972,1683.13005034181,101.84229668018948,113.07586624975885,,102.46677657994653,105.4955818765724,-3.028805296625862,-4.29711390908046,1.2683086124545984,60.18412873421572,101.84229668018948,2.9752833459172168,107.79286337202392,95.89172998835504,4.416151543280827,124.42271116768816,85.89973372723149,67.84716366648509,-10348.255521737705,4.389456991999189e-05
2025-05-05 05:20:47.674020,106.7014708501558,109.55269084722096,104.45056122414428,108.89265410396771,1488.1744396193071,102.00880158727136,112.43640009559606,,103.45537312210364,105.74721685637944,-2.291843734275816,-3.896059874119532,1.6042161398437162,62.88343404955653,102.00880158727136,3.2727474517547743,108.55429649078091,95.4633066837618,4.479325120752423,124.1981460643686,95.4770400983798,81.71555746986297,-8860.081082118399,
2025-05-05 09:20:47.674020,106.96961695602994,107.27301600885792,104.46342654497344,105.3145994342752,1243.1274154312623,102.2084235713007,111.87564860596882,,103.7414079393608,105.71517112140876,-1.9737631820479609,-3.5116005357052176,1.537837353657257,49.30764822200241,102.2084235713007,3.349520668330197,108.9074649079611,95.5093822346403,4.312036997451936,123.99358627018668,70.95810541444372,84.11162641335166,-10103.208497549662,0.0002881369778487
2025-05-05 13:20:47.674020,106.60476317229644,108.58850137695552,104.36467834989766,106.2588438085758,942.0687584366586,102.48487649092252,111.2852254149228,,104.12870576539387,105.75544317231,-1.6267374069161349,-3.134627909947401,1.507890503031266,56.34817763375661,102.48487649092252,3.447787195877897,109.38045088267832,95.58930209916672,4.342011883919641,123.84753332372324,77.42862313326336,81.28792288202897,-9161.139739113005,
2025-05-05 17:20:47.674020,111.3272122618822,111.94251089370913,109.4171738362752,110.49611895813524,1268.5009249857949,103.07379191001604,110.7644416978259,,105.1083077950464,106.1066043416304,-0.998296546584001,-2.707361637274721,1.70906509069072,61.13000141749279,103.07379191001604,3.762070309503519,110.59793252902308,95.54965129100898,4.582389348903233,123.70126201084032,91.4832185529556,79.95664903355423,-7892.638814127208,-3.1306591498913585e-05
2025-05-05 21:20:47.674020,113.3619671563642,114.63648601422868,109.16590574319832,111.52412000363265,1038.4335282130062,103.78993409566884,110.25265852405671,,106.0953558271366,106.507901798075,-0.4125459709384103,-2.2483985040074588,1.8358525330690485,63.88473501157043,103.78993409566884,3.944180922554912,111.67829594077868,95.90157225055904,4.630719496097521,123.59428389768291,84.1825776464532,84.36480644422404,-6854.205285914202,
2025-05-06 01:20:47.674020,116.81497901864172,117.67242265023184,115.46572328835892,116.41282940021608,883.0538006355835,104.66921894618648,109.90639096791756,,107.6826594537642,107.24160013897432,0.4410593147898538,-1.7105069402479964,2.1515662550378503,63.63623332157665,104.66921894618648,4.672539870453063,114.0142986870926,95.32413920528036,4.66734437620227,123.54070617575296,94.45424802404747,90.04001474115209,-5971.151485278619,8.82126487519018e-05
2025-05-06 05:20:47.674020,110.75237324493592,111.75491320177902,109.3534272705872,110.20425465759745,1505.1259062822855,105.20070401239133,109.51359750712533,,108.07059717743084,107.46105602924273,0.6095411481881285,-1.2464973225607716,1.8560384707489,56.69950892668911,105.20070401239133,4.667081941292484,114.53486789497629,95.86654012980634,4.832797837707003,123.37378505146016,67.11906212471416,81.91862926507162,-7476.277391560904,
2025-05-06 09:20:47.674020,112.55656477519534,113.39067478832314,108.76279383463338,109.91439501014251,872.6385479233079,105.40747457384288,109.1558923518556,,108.3542583824634,107.6427848426427,0.7114735398207159,-0.8549031500844742,1.56637668990519,57.51873104889644,105.40747457384288,4.784188965627131,114.97585250509717,95.83909664258864,4.999887822400015,123.2807870147167,65.8428646596976,75.80539160281975,-8348.915939484212,-0.0003485719756048
2025-05-06 13:20:47.674020,111.34797215213366,114.15859635748578,108.79921977689088,112.07246470045644,1959.301919689592,105.89508977058286,108.94492455945672,,108.92629012369312,107.97090927655483,0.9553808471382724,-0.4928463506399249,1.448227197778197,66.79116379613285,105.89508977058286,4.947173740491401,115.78943725156566,96.00074228960004,5.013294920080057,123.09286168852324,75.34443927448055,69.4354553529641,-6389.61401979462,
2025-05-06 17:20:47.674020,111.19647252092577,113.2113237788906,108.37095970872733,110.07385380166927,1476.784477786532,106.26172940073609,108.64909711146764,,109.10283838184328,108.12668294508184,0.9761554367614452,-0.1990459931596509,1.175201429921096,66.43810323331616,106.26172940073609,4.972777009723255,116.2072834201826,96.31617538128958,5.007393265822999,122.94162784000996,65.57553103814008,68.92094499077274,-7866.398497581152,-0.0005027650346589
2025-05-06 21:20:47.674020,111.6455545550138,113.01204987020311,108.67377825624972,109.5458212819621,805.0248043358969,106.64802249044683,108.37754951291544,,109.17098959724618,108.23180430336926,0.9391852938769176,0.0286002642476627,0.9105850296292548,65.79621629838837,106.64802249044683,4.909245869202975,116.4665142288528,96.8295307520409,4.980129959877935,122.85978924333352,55.31766159867458,65.41254397043174,-8671.423301917048,
2025-05-07 01:20:47.674020,104.47407564406988,106.85744186243537,104.07989359005636,106.03715124439134,1548.1702278979735,106.6025061536599,108.08028216273608,,108.6888606198839,108.06923741011164,0.6196232097722714,0.1468048533525845,0.4728183564196868,55.941780636487394,106.6025061536599,4.910543224490003,116.42359260263991,96.78141970467988,4.973487894325009,122.64642183717504,30.74974728362492,50.547646640146525,-10219.593529815022,-0.0002446888276527
2025-05-07 05:20:47.674020,103.84234337905563,104.4727247409833,102.27591496131171,103.16125522168085,1153.8648464240714,106.51132009835617,107.74547107214286,,107.83845978939112,107.70568317393156,0.1327766154595622,0.14399920577398,-0.0112225903144178,50.30490730873161,106.51132009835617,4.958855808909892,116.42903171617596,96.59360848053636,5.02440822068236,122.46923767798748,5.75026673747746,30.605891873258987,-11373.458376239094,
2025-05-07 09:20:47.674020,104.08027216746838,105.26177043880966,102.07858328663244,103.4009454310311,1241.246028266872,106.47435111523514,107.31018827676928,,107.15576527272036,107.3868137114945,-0.2310484387741382,0.0689896768643564,-0.3000381156384947,46.7874973267804,106.47435111523514,4.980172512765645,116.43469614076642,96.51400608970386,4.978098334791748,122.28492839425158,8.4800292831376,14.99334776807999,-10132.21234797222,6.59497998420043e-05
2025-05-07 13:20:47.674020,106.9664040229689,108.686322899867,106.3540302155722,108.15372270605091,1933.7568579110075,106.88790467857056,106.94497718897112,,107.30929718554046,107.44362178516532,-0.1343245996248754,0.02832682156651,-0.1626514211913854,49.00778526581509,106.88790467857056,4.741693569363651,116.37129181729787,97.40451753984324,4.991187466631692,122.06700492226705,38.95858664287408,17.72962755449638,-8198.455490061213,
2025-05-07 17:20:47.674020,108.16638334327833,109.23622497652264,105.48446648804725,106.47967127391644,1868.159211276495,107.3080415258138,106.6369618612316,,107.181662429906,107.37221804359136,-0.1905556136853476,-0.0154496654838615,-0.1751059482014861,51.64872720315867,107.3080415258138,4.26856722426609,115.84517597434598,98.7709070772816,4.942796818737486,121.85310699355789,28.22324819862793,25.22062137487987,-10066.614701337709,0.0001472932473749
2025-05-07 21:20:47.674020,105.58273733129327,106.90845652401438,103.47830196494957,104.69520788675898,1718.875861997402,107.64755700744028,106.23785500610892,,106.79913096172952,107.1739209949371,-0.3747900332075744,-0.0873177390286041,-0.2874722941789703,47.83865080090185,107.64755700744028,3.7155083084116303,115.07857362426354,100.21654039061704,4.886106213880841,121.63520860313692,16.77986119463634,27.98723201204612,-11785.49056333511,
2025-05-08 01:20:47.674020,104.79787032179682,105.20577613923057,101.33547799517162,102.33281540357125,1105.8401876039918,107.6796272451306,105.87518890038352,,106.11200549124364,106.81532058076186,-0.7033150895182132,-0.2105172091265259,-0.4927978803916872,38.09937686526131,107.6796272451306,3.6638006344187977,115.0072285139682,100.352025976293,4.756579860946957,121.48088419703323,6.104797619490705,17.03596900425166,-12891.330750939102,0.0001353496853893
2025-05-08 05:20:47.674020,105.24529692185251,106.13372701166344,103.9215938303048,104.88548098201862,1029.8505360769586,107.77748855279096,105.56326817670906,,105.92330941290136,106.67236949937347,-0.7490600864721273,-0.3182257845956462,-0.4308343018764811,40.73397191851655,107.77748855279096,3.554725864602015,114.886940281995,100.66803682358696,4.637317813594231,121.35488257950236,21.72990765288186,14.871522155669632,-11861.480214862142,
2025-05-08 09:20:47.674020,107.46594060186317,107.87910668505536,104.95494444276056,106.3231789680593,1536.767084355382,107.80896921390544,105.38178010710118,,105.98482780600256,106.64650353409094,-0.6616757280883689,-0.3869157732941907,-0.2747599547941782,34.415820365345056,107.80896921390544,3.5380481159076456,114.88506544572073,100.73287298209016,4.4119837461969125,121.1862327660056,38.89616263346694,22.243622635279834,-10324.71313050676,8.247989283109428e-05
2025-05-08 13:20:47.674020,105.31499354518412,107.14587026873632,103.78532615975772,106.00040273008597,2204.205649913053,107.66435664521136,105.29079671529314,,105.98722394816926,106.59864421527575,-0.6114202671064959,-0.4318166720566518,-0.179603595049844,42.06390746134646,107.66435664521136,3.550509146765435,114.76537493874224,100.5633383516805,4.14777960186475,120.9390670231014,36.37901954195548,32.335029942768095,-12528.918780419812,
2025-05-08 17:20:47.674020,105.99117661124772,109.06169425130872,103.97098551167736,106.86431545534148,1752.9648298866464,107.7418424462647,105.26419610187207,,106.12216110311884,106.61832356639174,-0.4961624632729098,-0.4446858302999034,-0.0514766329730063,44.36416733373797,107.7418424462647,3.5132442256476124,114.76833089755992,100.71535399496948,4.180838729432009,120.76038756404115,43.11616959271434,39.46378392271225,-10775.953950533163,-0.0002371093527064
2025-05-08 21:20:47.674020,105.87046506167113,109.77439283147484,104.41660218754303,107.69552525691276,1904.2393997879053,107.81367651868156,105.19426731518642,,106.36421712677942,106.69811628420813,-0.3338991574286893,-0.4225284957256606,0.0886293382969712,41.49542312118543,107.81367651868156,3.4959711581620865,114.80561883500572,100.82173420235738,4.180725448241788,120.58015531543016,53.55447837206134,44.34988916891039,-8871.714550745259,
2025-05-09 01:20:47.674020,110.26864764313083,111.13964143878796,108.49886928838022,109.28306202306896,1113.6145986226204,107.75302367192825,105.15809407188507,,106.81327018774704,106.88959374634597,-0.076323558598915,-0.3532875083003115,0.2769639497013965,48.43851416843309,107.75302367192825,3.457292014511221,114.66760770095068,100.8384396429058,4.0809934562212105,120.4951864791128,68.06436095248128,54.91166963908565,-7758.099952122639,-0.0002787391569092
2025-05-09 05:20:47.674020,108.5056795058035,109.94631813337313,107.6055375208087,109.3201482910859,981.5440729113036,107.64282508630087,105.08523545870808,,107.19894374210686,107.06963482373408,0.1293089183727716,-0.2567682229656949,0.3860771413384665,49.545578973163735,107.64282508630087,3.3646484985879166,114.37212208347673,100.91352808912504,3.9383155275505706,120.4167363204233,81.44162775165928,67.68682235873396,-6776.555879211335,
2025-05-09 09:20:47.674020,107.52369966816288,109.44778638713116,105.75280264981006,108.09779345200631,951.6220154084614,107.2270732888904,105.0274677156033,,107.33722831286062,107.14579472212462,0.1914335907359969,-0.1671278602253565,0.3585614509613535,54.57016390044764,107.2270732888904,2.664911969205201,112.5568972273008,101.89724935048,3.811819530794524,120.3338884297478,68.97391598706726,72.82663489706927,-7728.177894619796,-0.0002456707148668
2025-05-09 13:20:47.674020,105.95519384231916,107.27255154380084,105.17798850111808,106.90380325585956,1131.960982145646,107.06205071880352,105.04685934652228,,107.27054753486046,107.1278694283272,0.1426781065332534,-0.1051666668736345,0.2478447734068879,58.969512678055096,107.06205071880352,2.571397386922524,112.20484549264856,101.91925594495846,3.751717292780853,120.22658025939384,56.795516442696304,69.07035339380761,-8860.138876765443,
2025-05-09 17:20:47.674020,101.01152698257,104.12597074740606,99.90731774626356,102.8124107680726,1367.761371220903,106.7069515067,105.0510853320092,,106.58468033997002,106.80820582386389,-0.2235254838938658,-0.1288384302776808,-0.094687053616185,48.809323984059816,106.7069515067,2.6460623043720104,111.99907611544404,101.414826897956,4.024095746882194,120.06052826493648,25.86368681435438,50.54437308137264,-10227.900247986345,0.0001417398338857
2025-05-09 21:20:47.674020,100.54891179258549,103.0599115205644,100.04278147916868,102.71599117303744,936.445835228317,106.23912783032908,105.1172032906059,,105.98949739121116,106.50507881269156,-0.5155814214804053,-0.2061870285182257,-0.3093943929621796,36.444946787747085,106.23912783032908,2.468678757669263,111.1764853456676,101.30177031499052,3.86207807349361,119.9464457021604,25.00527498725106,35.888159414767244,-11164.34608321466,
2025-05-10 01:20:47.674020,101.75024500877072,104.26759497149573,99.8704251075596,102.18596819269943,1861.6809739350888,105.84473354988056,105.09809476960136,,105.4043390529786,106.18514469269216,-0.780805639713563,-0.3211107507572932,-0.4596948889562697,38.649357777784594,105.84473354988056,2.453838713082351,110.75241097604524,100.93705612371586,3.90817888602652,119.72594205670956,20.54750762680086,23.805489809468764,-13026.02705714975,0.0002416862732164
2025-05-10 05:20:47.674020,102.03005814792576,104.16757467762189,100.32249082496072,103.46818055104396,1052.4409800716169,105.54085151333466,105.05620726137568,,105.10646851421942,105.98388808960708,-0.8774195753876768,-0.4323725156833699,-0.4450470597043068,46.6678000542684,105.54085151333466,2.3453002510016634,110.23145201533798,100.85025101133134,3.937816692711973,119.6074629874355,31.92551582770261,25.82609948058484,-11973.586077078133,
2025-05-10 09:20:47.674020,102.48728079318504,102.8987905256826,100.53610195649682,101.08878469325248,1534.598137153679,105.29343318577772,105.05153976016696,,104.48836331099372,105.62128783802528,-1.1329245270315482,-0.5724829179530055,-0.5604416090785427,46.62474160632358,105.29343318577772,2.54287964666283,110.37919247910338,100.20767389245204,3.8708010106039854,119.42615386297192,10.811395840513402,21.09480643167229,-13508.184214231813,-0.0001939492460355
2025-05-10 13:20:47.674020,97.57728136470554,99.51338759547602,96.56639986660048,99.00249714205,1408.7023628553277,105.08549528179616,105.01699399468517,,103.644383900387,105.1310070457308,-1.486623145343799,-0.7553109634311643,-0.7313121819126347,33.62407580200747,105.08549528179616,2.874785402043789,110.83506608588377,99.3359244777086,3.9223348119296872,119.23421177864265,16.71623477441513,19.817715480877045,-14916.88657708714,
2025-05-10 17:20:47.674020,96.32810640013416,97.44585059338448,94.50014607414444,95.0921038018399,1504.0805851387188,104.6700532003366,104.94447985919663,,102.32864850061053,104.38738458322037,-2.058736082609826,-1.0159959872668969,-1.042740095342929,22.519989943910943,104.6700532003366,3.631744206585497,111.9335416135076,97.40656478716562,4.030100909420318,119.00726287537287,3.5575461558364405,10.361725590254986,-16420.967162225857,2.0156804298840543e-06
2025-05-10 21:20:47.674020,94.19473710010728,95.7786361611146,93.355128646832,95.09380418130112,2109.70816644682,104.01705727409912,104.90233041701114,,101.21559552840908,103.69897122011524,-2.483375691706158,-1.309471928154749,-1.173903763551409,22.88792741392527,104.01705727409912,4.114430779298636,112.2459188326964,95.78819571550186,3.963169724084889,118.68371034382378,9.776346165949157,10.016709032066904,-14311.258995779035,
2025-05-11 01:20:47.674020,93.6643787434955,94.11496754318784,90.48315366112394,91.38717307374463,1252.358421985629,103.26243236409051,104.75353123068876,,99.70353053538378,102.78698617223591,-3.0834556368521504,-1.6642686698942295,-1.419186966957921,16.290479041168027,103.26243236409051,4.940182205361934,113.1427967748144,93.38206795336666,3.928879851266733,118.474117085109,4.376442996268802,5.903445106018128,-15563.617417764666,-3.1008770998997134e-05
2025-05-11 05:20:47.674020,90.77022732266435,92.29790783297896,90.25563366814828,91.71256027299788,2090.8388745764364,102.61329998340248,104.59629136947872,,98.47415049501672,101.96665832784792,-3.492507832831208,-2.0299165024816253,-1.462591330349583,14.40448178837208,102.61329998340248,5.556512759533954,113.72632550247036,91.50027446433457,3.692057245616653,118.12402134170608,6.976278791170805,7.043022651129583,-13472.77854318823,
2025-05-11 09:20:47.674020,92.40015494798854,93.95545424881384,89.81142813607349,91.47154299879423,1865.919438859016,102.07023636316362,104.31014255383238,,97.39682626482865,101.18924237754764,-3.7924161127190095,-2.382416424529102,-1.4099996881899075,7.801191573720615,102.07023636316362,6.0904738476204106,114.25118405840443,89.8892886679228,3.742050812107021,117.8228516705842,8.244966140581798,6.532562642673798,-15338.697982047244,-0.0001241674197727
2025-05-11 13:20:47.674020,95.770608411896,97.2184749264893,95.4198460591588,96.94995088648928,1263.1226230738612,101.67345985838716,104.202738356249,,97.32807620662255,100.8752207856174,-3.5471445789948177,-2.6153620554222456,-0.931782523572572,26.7001097707106,101.67345985838716,6.155556545389289,113.98457294916574,89.36234676760859,3.985347334616352,117.65953677623098,36.35359805085695,17.191614327536513,-14075.575358973383,
2025-05-11 17:20:47.674020,99.66933061109148,100.40185932558543,95.86380410007992,97.90141147671734,1345.930935840551,101.25237148382008,104.10594536181128,,97.416281632791,100.65493861458776,-3.238656981796751,-2.7400210406971466,-0.4986359410996046,30.596591630791536,101.25237148382008,6.1086168823750455,113.46960524857016,89.03513771906998,4.0455667266295245,117.500622148846,46.33140234873812,30.309988846725616,-12729.644423132831,0.0001198851154808
2025-05-11 21:20:47.674020,99.72677447909042,101.56794051319282,97.05858819690428,98.0105078381571,1830.0548048191115,100.85287673922362,104.02975632881947,,97.50770104900116,100.45905485337066,-2.9513538043694894,-2.782287593431615,-0.1690662109378742,32.34744499395853,100.85287673922362,6.042667423630334,112.93821158648429,88.76754189196295,4.159105824158118,117.29761070840162,56.71683092362518,46.46727710774008,-10899.58961831372,
2025-05-12 01:20:47.674020,98.63476301165554,101.48443864852176,97.5104932278511,99.8977202250154,1268.5439902558792,100.5045469777073,103.8887611737172,,97.87539630684952,100.41747451052952,-2.5420782036800063,-2.734245715481294,0.1921675118012875,43.65975903745508,100.5045469777073,5.876406968518022,112.25736091474334,88.75173304067127,3.943210103520594,117.1651060265312,69.77155288653194,57.60659538629841,-9631.04562805784,0.0003913594662356
2025-05-12 05:20:47.674020,94.35422361515856,96.01418214011818,93.75067451220907,95.2453604219647,1443.008705466199,99.88203873595992,103.69396885560138,,97.47077540148264,100.03435494841362,-2.5635795469309954,-2.7001124817712343,0.1365329348402388,36.43754393580682,99.88203873595992,5.732224527907434,111.34648779177478,88.41758968014504,4.166775508621352,116.97762727524564,37.58902583066725,54.69246988027479,-11074.05433352404,
2025-05-12 09:20:47.674020,94.61783625334344,95.87544084456216,91.13884430904808,92.54866635130114,1667.181353151972,99.04531895237152,103.46213568075837,,96.71352785530084,99.47985949677566,-2.7663316414748067,-2.713356313711949,-0.0529753277628577,33.78009502322715,99.04531895237152,5.5045754867195225,110.05446992581057,88.03616797893247,4.19102027087692,116.74735969742588,19.066663935936816,42.142414217712,-12741.235686676013,0.0005574588549528
2025-05-12 13:20:47.674020,92.61462074878874,94.09051183862022,92.39961920727342,93.62729733729104,1794.9762358153384,98.2606764046818,103.33702859871734,,96.23872316022243,99.04633637385086,-2.8076132136284286,-2.732207693695245,-0.0754055199331835,33.32317966233076,98.2606764046818,5.063679940308392,108.38803628529855,88.13331652406501,4.037149469354466,116.50627942577498,29.156900279977062,28.60419668219372,-10946.259450860674,
2025-05-12 17:20:47.674020,98.50033919729472,101.25998993601164,96.34096334516754,99.9343877476514,1660.0725695742838,97.85250611946402,103.37417766708931,,96.8072869429038,99.11211795709536,-2.304831014191535,-2.646732357794503,0.3419013436029678,48.27353405081928,97.85250611946402,4.52988099321941,106.91226810590284,88.79274413302521,4.372907612509713,116.34255935092844,86.10512443536687,44.77622955042691,-9286.18688128639,0.0002488089928935
2025-05-12 21:20:47.674020,98.89751009704288,101.72665001348436,98.48870980321637,101.30645411046989,1426.2590571061985,97.57263866219456,103.44220878421416,,97.49946650714476,99.27466137586384,-1.7751948687190977,-2.472424859979422,0.6972299912603246,53.52091591059467,97.57263866219456,4.09308708255608,105.75881282730673,89.38646449708239,4.281161568482284,116.21504948275536,96.47345297185704,70.57849256240031,-7859.927824180192,
2025-05-13 01:20:47.674020,100.5223871444719,102.33822210940951,100.16502493823124,101.35999015827736,2131.2628239260584,97.50001763170478,103.4355803743844,,98.0933932227036,99.42913017456117,-1.335736951857541,-2.245087278355046,0.9093503264975048,60.85863827996736,97.50001763170478,4.007212043003915,105.5144417177126,89.48559354569694,4.114793433001763,116.0375719725434,92.1908833719595,91.5898202597278,-5728.665000254134,0.0001599553248212
2025-05-13 05:20:47.674020,100.3684938728472,103.95345842191122,99.0859566898664,102.2965660967602,832.142458233047,97.47904637789092,103.42294659974336,,98.7400352033277,99.6415328354648,-0.9014976321370938,-1.976369349111456,1.0748717169743618,62.08672587671443,97.47904637789092,3.979479734035127,105.43800584596116,89.52008690982066,4.289364448556206,115.9716852971488,88.28391474447426,92.31608369609694,-4896.522542021086,
2025-05-13 09:20:47.674020,98.69533195690724,100.1432820389375,97.25807335726624,99.08556358029924,1347.253040386415,97.32402614727091,103.29078655643396,,98.79319341516948,99.60034992767474,-0.8071565125052729,-1.742526781790219,0.9353702692849462,63.13694402100134,97.32402614727091,3.8445729297503446,105.0131720067716,89.63488028777023,4.319924607078833,115.8443920519328,65.57852908512828,82.01777573385401,-6243.775582407501,0.0002514719509116
2025-05-13 13:20:47.674020,100.14261665208744,102.47612032115438,98.82167498583443,101.15606625759202,1856.2518721646225,97.20842043259832,103.13605479950644,,99.15671231400373,99.7155881743353,-0.5588758603315824,-1.5057965974984917,0.9469207371669092,65.20906306798953,97.20842043259832,3.6813947848437536,104.57121000228584,89.84563086291082,4.435079690685209,115.69221507291584,80.21930297292178,78.02724893417476,-4387.523710242878,
2025-05-13 17:20:47.674020,103.72801987379616,104.82427726476284,101.3879943334326,102.91252596914204,1014.5804797593348,97.2996074963928,103.08801333020378,,99.7345297994096,99.95239838135802,-0.2178685819484229,-1.248210994388478,1.030342412440055,67.56848580579856,97.2996074963928,3.803142573411585,104.90589264321596,89.69332234956963,4.401092897430243,115.62257538005936,86.03075765445554,77.27619657083521,-3372.943230483544,0.0004701611961475
2025-05-13 21:20:47.674020,107.2204594759152,107.71639212121464,104.0171038917112,105.33050821228451,1620.8825254170654,97.61600804990452,103.06944661827794,,100.59544955523651,100.35077688735257,0.2446726678839468,-0.9496342619339933,1.19430692981794,64.20401179980207,97.61600804990452,4.195281322968952,106.00657069584244,89.22544540396662,4.333731056314353,115.53596762812926,85.60773923885725,83.95259995541151,-1752.0607050664782,
2025-05-14 01:20:47.674020,105.4635460936923,106.4337754693104,102.29783683774538,104.07126782025404,2191.6054762041827,98.06496625082522,102.94094959552034,,101.13019082677766,100.62636880830824,0.5038220184694353,-0.6589430058533075,1.1627650243227428,60.34917340987188,98.06496625082522,4.387040357833898,106.83904696649302,89.29088553515743,4.305008442461461,115.40469050161283,78.01167975950351,83.21672555093876,-3943.6661812706607,0.0002741110202204
2025-05-14 05:20:47.674020,107.59943927328392,108.73658482878004,106.295625674928,106.5427735197409,1503.2925154968636,98.63741471774722,102.84132266584253,,101.96289585646431,101.06462100915508,0.8982748473092244,-0.347499435220801,1.2457742825300255,63.26086073166657,98.63741471774722,4.713741423941601,108.06489756563042,89.20993186986402,4.31614877762128,115.33957913049971,87.53356258106396,83.7176605264749,-2440.3736657737973,
2025-05-14 09:20:47.674020,106.00992112838864,106.81359415441564,102.79554668790556,104.467206166543,2097.081434161071,99.29141637238716,102.60241020116902,,102.3481743657072,101.31666435414678,1.031510011560414,-0.071697545864558,1.103207557424972,57.060563818922674,99.29141637238716,4.559743224409758,108.41090282120666,90.17192992356765,4.319298923752667,115.22311429112028,75.73905208199947,80.42809814085564,-4537.4550999348685,0.0002073195597549
2025-05-14 13:20:47.674020,105.56391707377112,106.82802453548872,104.22365864546528,105.03406757061616,1597.2616998939247,99.95749173726804,102.4990064594294,,102.76138870492396,101.59202755536673,1.1693611495572327,0.1765141932198,0.9928469563374326,67.31061317385632,99.95749173726804,4.36312154283646,108.68373482294096,91.23124865159512,4.06625036498246,115.1416371303756,78.96026905265293,80.74429457190546,-2940.193400040944,
2025-05-14 17:20:47.674020,111.01428737454822,112.51725612061774,110.31127567354362,111.87698376938972,1411.144120407342,100.9777637757978,102.53825823461436,,104.163787945611,102.35387616381288,1.8099117817981352,0.5031937109354672,1.306718070862668,79.80930662634977,100.9777637757978,4.650657146623696,110.2790780690452,91.67644948255042,4.262435508874425,115.11574356215176,96.81735805260844,83.83889306242027,-1529.0492796336018,-6.039670193296344e-05
2025-05-14 21:20:47.674020,110.36686137081044,112.32651321550485,108.84018436467466,110.83705330613904,2042.678431520276,101.6721188967803,102.513550006728,,105.190444154923,102.98225965583704,2.2081844990859736,0.8441918685655685,1.363992630520405,76.57365397483935,101.6721188967803,5.0381876373016325,111.74849417138356,91.59574362217704,4.390680953123239,115.06957064108244,89.61317751970557,88.46360154165565,-3571.727711153878,
2025-05-15 01:20:47.674020,109.40583473380256,111.56304954771775,106.05576570980344,107.39073231831884,1363.1012566471445,102.1465849388604,102.45988757706098,,105.52895002621467,103.30881318639123,2.220136839823425,1.11938086281714,1.1007559770062851,62.62910969370524,102.1465849388604,5.110697260185376,112.36797945923114,91.92519041848963,4.238866041637076,115.02324924660586,66.40368044734709,84.2780720065537,-4934.828967801022,-0.0002693672811324
2025-05-15 05:20:47.674020,109.13073369836133,109.55715278223224,107.56091257289552,108.0328844904696,790.6439887552252,102.64770377147602,102.42962884123114,,105.91417071302313,103.65874439410076,2.2554263189223747,1.346589954038187,0.9088363648841876,61.68166202261454,102.64770377147602,5.174758017024008,112.99721980552404,92.298187737428,4.162328916897462,114.99685953653272,70.61198034197209,75.54294610300825,-4144.184979045797,
2025-05-15 09:20:47.674020,107.88029777656678,108.50642072442405,105.79877892904648,107.13125219640202,906.1628729768609,103.00938037004536,102.45151086027136,,106.10141401815834,103.91596719427122,2.185446823887119,1.5143613280079735,0.6710854958791457,59.73604065644346,103.00938037004536,5.224979918843952,113.45934020773323,92.55942053235744,4.200503532911697,114.9612562623542,64.7031953955524,67.23961872829052,-5050.347852022658,6.64491005819027e-05
2025-05-15 13:20:47.674020,103.89244700473476,105.00843017069217,100.33712044534415,102.22772509141257,899.1620891390178,103.35849860351772,102.432840257666,,105.50546187558209,103.7909122236891,1.7145496518929662,1.5543989927849722,0.1601506591079939,49.89757510228655,103.35849860351772,4.902207860780639,113.16291432507902,93.55408288195645,4.3381199628412,114.90554591509932,32.568269292128186,55.96114834321755,-5949.509941161676,
2025-05-15 17:20:47.674020,100.66043960656944,102.88557234456428,100.2437709599659,102.44198204735876,1345.7752944276822,103.85316438832062,102.41366098999256,,105.03415728662463,103.69099146988688,1.3431658167377805,1.5121523575755338,-0.1689865408377533,55.48275718730973,103.85316438832062,4.20334979697739,112.2598639822754,95.44646479436584,4.166927723205802,114.81864642425228,26.43412518165925,41.23519662311328,-4603.734646733994,0.0004320119772643
2025-05-15 21:20:47.674020,99.07224752787816,100.6150930696075,96.58404880467046,97.1543031928561,769.502885266104,104.02951468109886,102.19367259972866,,103.82187204142949,103.20679233825496,0.6150797031745299,1.3327378266953331,-0.7176581235208033,44.08478788724282,104.02951468109886,3.807051882291704,111.64361844568226,96.41541091651546,4.324319716589256,114.7552909909077,3.5790307430123467,20.860475072266592,-5373.237532000098,
2025-05-16 01:20:47.674020,98.90847077672312,99.90019940246223,97.87372876531268,98.7398946511883,1624.5623414545382,103.96979002627572,102.03887706727409,,103.04002936600776,102.87591102810188,0.1641183379058759,1.099013928937442,-0.934895591031566,43.800904714344256,103.96979002627572,3.8832834142111774,111.73635685469807,96.20322319785336,4.258440088191778,114.62882367202756,13.53052027610338,14.514558733591656,-3748.67519054556,0.0003451259549057
2025-05-16 05:20:47.674020,95.73258182427784,98.31297088167202,95.1927054665131,97.1794625184142,1139.1351501469387,103.76344044667294,101.8885621599072,,102.1384036971472,102.45395187923612,-0.3155481820889179,0.81610150673217,-1.131649688821088,37.57372133039621,103.76344044667294,4.133823882316661,112.03108821130628,95.49579268203962,4.168677447663391,114.5305731527601,11.467870604946276,9.525807208020664,-4887.810340692499,
2025-05-16 09:20:47.674020,99.47772137096882,101.34371791182711,98.27072991139188,100.57442475333156,1364.117478286861,103.72416217642562,101.8533943469024,,101.8977915519448,102.31472764768765,-0.4169360957428409,0.5694939862371678,-0.9864300819800088,44.99497681016909,103.72416217642562,4.1615020698094405,112.0471663160445,95.40115803680676,4.1707000735096695,114.43521995522278,31.0641204742784,18.687503785109342,-3523.692862405638,0.0005424360639281
2025-05-16 13:20:47.674020,99.27287775486316,100.66398501913442,97.02437901295836,97.4633834750076,1895.408691239641,103.482503045338,101.70495239676218,,101.2155749247237,101.95536882008172,-0.7397938953580194,0.3076364099181303,-1.0474303052761498,37.23832260824166,103.482503045338,4.383192940577443,112.2488889264929,94.71611716418312,4.097435001913245,114.28955983930568,13.10670651048901,18.54623252990456,-5419.10155364528,
2025-05-16 17:20:47.674020,97.35790521972058,98.88043171935756,96.6896593578808,98.56894965645,1949.782883920973,103.45667234914552,101.54986781053,,100.80840180652774,101.704522956109,-0.8961211495812478,0.0668848980182547,-0.9630060475995024,41.47721481254584,103.45667234914552,4.411896671030513,112.28046569120656,94.63287900708453,3.966915351553721,114.13933203364375,19.488206403419632,21.219677796062346,-3469.3186697243063,0.0005264978907611
2025-05-16 21:20:47.674020,99.77254645070288,101.03636311470989,97.81668639550443,98.72896992659967,1700.217329739221,103.33531753259592,101.40443915446026,,100.48848920961574,101.48411162058976,-0.995622410974036,-0.1456165637802034,-0.8500058471938327,40.78095044298189,103.33531753259592,4.510780387954884,112.35687830850569,94.31375675668616,4.0108661250667215,114.01976444330342,20.41186828270629,17.66892706553831,-1769.1013399850854,
2025-05-17 01:20:47.674020,97.79462274828664,98.2215348841594,95.65020728021187,95.92338288193396,1538.5352734540288,102.98586037823551,101.18562050299212,,99.78616515920316,101.07220578809674,-1.2860406288935875,-0.3737013768028803,-0.9123392520907074,23.550582108618656,102.98586037823551,4.806307648144826,112.59847567452516,93.37324508194588,3.6962642748085934,113.89454806505364,4.264536092182162,14.721536926102692,-3307.636613439114,0.0002737197824275
2025-05-17 05:20:47.674020,96.77111146054102,97.8916675211013,95.61709059312902,95.92252186884512,926.6266243352115,102.51546106106356,100.95016043523076,,99.19175849914808,100.69074772000404,-1.4989892208559468,-0.5987589456134936,-0.9002302752424531,24.39093242957864,102.51546106106356,5.020375001952202,112.55621106496795,92.47471105715914,3.609710566033029,113.81947495548204,4.458161653241894,9.711522009376775,-4234.263237774326,
2025-05-17 09:20:47.674020,100.6389537732812,101.68560203815156,97.92512784843566,98.82550512047284,1994.6127055608024,102.2531729260745,100.74100929717882,,99.13541182550574,100.55258160152025,-1.4171697760144897,-0.7624411116936929,-0.6547286643207966,35.01340355176481,102.2531729260745,5.07158480836712,112.39634254280874,92.11000330934026,3.627981732561037,113.68764503809116,25.2902153080706,11.337637684498214,-2239.6505322135235,0.0003383387930213
2025-05-17 13:20:47.674020,96.95692220467576,98.02283793265347,95.62884375565883,95.96398508904775,2060.835116343773,101.72423350453984,100.47388603313809,,98.64750001989682,100.2126855635593,-1.56518554366248,-0.9229899980874504,-0.6421955455750296,30.404869777460448,101.72423350453984,5.151679077655417,112.02759165985069,91.42087534922902,3.701570368339653,113.52629724307822,5.793120910230966,11.847165957181147,-4300.485648557296,
2025-05-17 17:20:47.674020,95.41844043080206,98.25484258242064,94.5520386239917,96.66318678907884,2121.61791888744,101.33403253566664,100.24519389987954,,98.34222106130944,99.9497597284126,-1.6075386671031708,-1.0598997318905945,-0.5476389352125763,32.8915325805288,101.33403253566664,5.227967844972644,111.78996822561191,90.87809684572134,3.772653379986178,113.36286633994324,20.190025934456404,17.091120717585984,-2178.8677296698565,0.0006659659310667
2025-05-17 21:20:47.674020,97.54460137443267,98.45580497748142,95.33986437259624,96.83929740987,999.4250531341193,100.92429402762932,100.04390378295972,,98.11100203801104,99.71935511222424,-1.6083530742131984,-1.1695904003551152,-0.4387626738580832,39.58388109489201,100.92429402762932,5.243823332290123,111.41194069220955,90.43664736304908,3.509925440973844,113.28870776249931,27.446445440448063,17.80986409504514,-1179.4426765357373,
2025-05-18 01:20:47.674020,99.94375542391636,101.0526792275704,96.76680375405208,98.48912719815814,1333.9434210629647,100.25490119906776,99.95743811156144,,98.16917513957216,99.62822711858972,-1.459051979017573,-1.227482716087607,-0.2315692629299663,42.76070660035628,100.25490119906776,4.5852329872195385,109.42536717350684,91.08443522462866,3.627359304468125,113.2020487857798,55.19105032908892,34.27584056799779,154.50074452722745,0.0005175779023603
2025-05-18 05:20:47.674020,97.3017223216352,97.86767414792304,95.20288715497112,96.2185742182006,1599.6069604453455,99.52397724467082,99.8274897724647,,97.86908269013036,99.37566023707942,-1.506577546949046,-1.2833016822598948,-0.2232758646891512,48.07338379839023,99.52397724467082,3.927553578526296,107.3790844017234,91.66887008761825,3.443666933075176,113.08285766705124,23.361894994875705,35.333130254804225,-1445.106215918118,
2025-05-18 09:20:47.674020,91.53676600607211,94.307573355237,91.13996581435404,93.65196994454098,1072.4105678861351,98.83703912598192,99.65680980750156,,97.22029611388584,98.95168317837287,-1.7313870644870375,-1.3729187587053235,-0.3584683057817142,39.93099194555845,98.83703912598192,3.6724064955138753,106.18185211700968,91.49222613495418,3.6102892326637774,112.9877880938702,23.820318441463908,34.12442125514284,-2517.516783804253,0.0007978190090475
2025-05-18 13:20:47.674020,93.22841480841224,93.68047116466592,91.95485991470056,92.78216915476844,1494.5493708018546,98.07450335919688,99.44308957957604,,96.5375073509447,98.49468213958735,-1.957174788642675,-1.4897699646927938,-0.4674048239498811,41.05318917646086,98.07450335919688,3.2176608239835027,104.50982500716388,91.63918171122988,3.480176523041647,112.85529724873322,15.572349600952146,20.918187679097247,-4012.066154606108,
2025-05-18 17:20:47.674020,94.6348915678544,95.32295403256222,91.73247192214556,93.37461732900248,862.7066726037132,97.38667161582688,99.28880623229104,,96.05090888603053,98.11541807954404,-2.06450919351353,-1.604717810456941,-0.4597913830565887,33.46553992429364,97.38667161582688,2.588593007779988,102.56385763138688,92.2094856002669,3.439192717113343,112.78214028527952,21.190295845836875,20.194321296084304,-3149.359482002395,-1.0265518648222649e-05
2025-05-18 21:20:47.674020,95.43937457875089,96.350200745594,92.29557978100364,93.61766624606692,1119.60304985866,96.95616867355962,99.18110961437138,,95.67656386449764,97.78225127706423,-2.105687412566596,-1.7049117308788722,-0.4007756816877235,39.82837029682439,96.95616867355962,2.4535517595219023,101.86327219260342,92.04906515451582,3.468836642714365,112.69099775841698,23.495030353139263,20.085891933309423,-2029.756432143735,
2025-05-19 01:20:47.674020,94.14714982517792,97.5722497623999,93.16912054846514,95.85000123709952,1635.3460003036307,96.62656963304666,99.19626756307656,,95.70324653720564,97.63912164447429,-1.935875107268643,-1.7511044061568264,-0.1847707011118167,43.21311599246137,96.62656963304666,2.094292443908078,100.81515452086282,92.4379847452305,3.6268621321756505,112.56965717908474,44.66335954313223,29.782895247369453,-394.4104318401044,0.0002500707379962
2025-05-19 05:20:47.674020,95.1467874283525,95.524161106551,92.68835499631646,93.95106160761216,2175.356030731204,96.46640755378446,99.1734127116028,,95.43367962496048,97.36593201211411,-1.932252387153639,-1.787334002356189,-0.14491838479745,39.02630426998021,96.46640755378446,2.1728220628935566,100.81205167957158,92.12076342799736,3.622717098002622,112.39713028978116,26.656483626038018,31.60495784076983,-2569.7664625713087,
2025-05-19 09:20:47.674020,94.9506342292256,95.83474751059724,92.71331528265426,93.18409489048446,1848.337329614342,96.18861756574924,99.2093511479376,,95.08758966581031,97.0561662994008,-1.9685766335904875,-1.8235825286030487,-0.1449941049874386,43.05848708656029,96.18861756574924,2.2214675792970584,100.63155272434336,91.74568240715514,3.625764925256564,112.25191626538331,19.38364867467731,30.23449728128252,-4418.1037921856505,0.0002559408129745
2025-05-19 13:20:47.674020,93.80487775848522,97.18030588746744,92.83562579575748,96.48375921814144,1124.502013288779,96.15383240073564,99.30477512684044,,95.30238498155356,97.01376577486306,-1.7113807933094876,-1.8011421815443365,0.0897613882348489,51.21849152929772,96.15383240073564,2.2105557842714774,100.5749439692786,91.73272083219268,3.773629436952112,112.17223952050092,50.67302996597284,32.23772075556272,-3293.601778896872,
2025-05-19 17:20:47.674020,94.85391248276508,95.19394155037138,91.95349549373906,92.35004917624946,809.1402170527589,95.74261362188152,99.32234525038956,,94.84817947304523,96.66830528607689,-1.820125813031624,-1.804938907841794,-0.0151869051898294,36.65445114763102,95.74261362188152,2.107501551745146,99.9576167253718,91.52761051839124,3.685571119458966,112.1074142559476,12.207387739890097,27.42135546018008,-4102.74199594963,0.0001673968049703
2025-05-19 21:20:47.674020,97.13692757765492,99.48950040522035,95.3782649579255,98.36786530716094,2123.232446382063,95.7878377134892,99.350703538803,,95.38966960137074,96.79419862097198,-1.4045290196012417,-1.7248569301936836,0.3203279105924419,54.3839181315593,95.7878377134892,2.155527608827759,100.09889293114472,91.47678249583367,3.967198966898744,111.98001425425456,72.91544899472365,45.26528890019552,-1979.5095495675675,
2025-05-20 01:20:47.674020,99.55584439965313,100.70995333063296,98.84529815994918,100.46709780347878,2206.587367748052,95.88274512084062,99.40201726533822,,96.17081240169506,97.0662652270836,-0.8954528253885314,-1.5589761092326533,0.6635232838441218,56.60010256160527,95.88274512084062,2.319941346888364,100.52262781461737,91.2428624270639,3.870004971544679,111.870650401258,94.09262227524025,59.738486336618,227.07781818048488,0.0001992003498477
2025-05-20 05:20:47.674020,99.29350604090902,100.05905953780754,95.1258271937707,95.92590000219307,1228.6507098648835,95.7425916246203,99.36032510861897,,96.13313357100245,96.98179372894354,-0.8486601579410973,-1.4169129189743424,0.5682527610332451,48.62366138324106,95.7425916246203,2.221526690030664,100.18564500468165,91.29953824455896,4.028957114746314,111.79558484039887,48.2807682249552,71.76294649830636,-1001.5728916843988,
2025-05-20 09:20:47.674020,99.62092507063484,100.81927359548132,96.23653950765944,98.10627881591492,930.8503286659184,95.85173642131934,99.32449628043692,,96.43669437791203,97.06508892057106,-0.6283945426590094,-1.2592092437112758,0.6308147010522664,49.432189609979694,95.85173642131934,2.283631869384384,100.41900016008812,91.28447268255056,4.072349837587024,111.74437524716096,71.9711900797679,71.44819352665445,-70.72256301848029,-0.0002775762946107
2025-05-20 13:20:47.674020,96.2004905546274,97.43929507980052,95.491336036787,97.03004195296384,848.0345111984136,95.90711242552528,99.36018991105692,,96.5279786202277,97.06249284889644,-0.5345142286687548,-1.1142702407027716,0.5797560120340168,51.247706275011005,95.90711242552528,2.298816389865586,100.50474520525644,91.3094796457941,4.024400033011373,111.69204917747116,60.852245551012174,60.36806795191175,-918.757074216894,
2025-05-20 17:20:47.674020,96.8444234681219,99.1207601939899,96.33212040554557,98.08199466470477,1688.8370646555136,95.86993690273688,99.47085647732496,,96.76705801168572,97.1380115019193,-0.3709534902335747,-0.9656068906089322,0.5946534003753575,57.14434190344229,95.86993690273688,2.2547264454738274,100.37938979368452,91.3604840117892,3.860830846196928,111.597087253682,69.87632140350543,67.56658567809517,770.0799904386197,-0.0001870246593085
2025-05-20 21:20:47.674020,100.43453453502327,103.33764945488872,98.44352562802598,100.93835572002132,2055.148310851395,96.11865543428556,99.6170776449796,,97.40879612066044,97.41951848103795,-0.0107223603775281,-0.7746299845626514,0.7639076241851233,62.36149620674082,96.11865543428556,2.523936374435777,101.16652818315713,91.070782685414,4.1129768133554,111.5086086597169,79.32566108447745,70.01807601299835,2825.2283012900143,
2025-05-21 01:20:47.674020,99.46362625792158,100.75989429746706,98.9382053592372,100.5333255238041,1948.174853660498,96.3121623710218,99.62905640050263,,97.8894929519133,97.6501708545762,0.2393220973371086,-0.5718395681826994,0.8111616655198081,60.91170992603027,96.3121623710218,2.70942546379578,101.73101329861338,90.89331144343024,3.9993816883816464,111.41962099166768,75.36642652010109,74.85613633602799,877.0534476295163,1.4789755646845494e-05
2025-05-21 05:20:47.674020,103.54301397803508,104.57479537926584,99.2322292319651,101.04457530857452,1469.8134304558632,96.52242626595704,99.62381882446472,,98.37489023755349,97.90160822153902,0.4732820160144655,-0.3628152513432665,0.836097267357732,61.22870943104558,96.52242626595704,2.908358039979017,102.33914234591508,90.705710185999,4.091377772860959,111.36238722505826,72.02966332541135,75.57391697666328,2346.8668780853795,
2025-05-21 09:20:47.674020,101.96138699618508,105.6138096246489,101.52664963396504,104.82625217292824,1376.6501732510008,96.83928251469555,99.69314406475776,,99.36740745838036,98.41454481053084,0.9528626478495426,-0.0996796715047046,1.0525423193542471,62.96381245273913,96.83928251469555,3.4319707225991087,103.70322395989378,89.97534106949733,4.103242423013788,111.32228351689947,94.2347046768228,80.54359817411174,3723.51705133638,0.0004250473996907
2025-05-21 13:20:47.674020,105.84461930281113,107.88351091896898,104.45974191842852,106.32292155625932,1281.9332364611648,97.34449988159848,99.77367117394772,,100.43748655036174,99.0003504953996,1.4371360549621386,0.207683473788664,1.229452581173475,68.07792415973707,97.34449988159848,4.027793419019874,105.40008671963822,89.28891304355874,4.121965477282174,111.29658257816396,90.2034660918281,85.48927803135409,5005.450287797545,
2025-05-21 17:20:47.674020,112.2011658471408,113.4548167486312,110.37123631306268,111.86110743643358,776.8109021001208,98.25495675619312,100.02918205107042,,102.19496668668047,99.9529991576984,2.241967528982073,0.6145402848273458,1.6274272441547273,73.9514208747274,98.25495675619312,5.071892410524516,108.39874157724216,88.11117193514409,4.408427117598525,111.29840652407792,92.58785405182948,92.34200827349343,5782.261189897666,0.0002331483273978
2025-05-21 21:20:47.674020,113.96865238437954,116.00722786932978,110.1199740966984,111.46309857137672,1077.3808317975963,99.18900322702352,100.2353226973461,,103.62083313047992,100.80559911426718,2.8152340162127274,1.0546790311044223,1.760554985108305,70.75407478744408,99.18900322702352,5.693082181315645,110.5751675896548,87.80283886439223,4.518610951950055,111.30358512215687,81.10842331244876,87.96658115203543,4704.880358100069,
2025-05-22 01:20:47.674020,111.13027579645832,114.15732600449878,108.50736082798689,112.27607015286912,2068.677461343247,100.13407586821684,100.42259358102066,,104.95240805700132,101.6552636356451,3.297144421356222,1.5031721091547825,1.79397231220144,80.4056522967968,100.13407586821684,6.221412520053401,112.57690090832364,87.69125082811006,4.598589627100735,111.30633464748664,82.13166935287131,85.27598223904984,6773.5578194433165,2.9165364484132488e-05
2025-05-22 05:20:47.674020,109.74738516758062,111.14315316527934,105.66171674762124,108.0362005744126,2236.752939205465,100.85500258463416,100.4767074282632,,105.4268376750646,102.12792563110936,3.298912043955241,1.862320096114874,1.4365919478403668,65.59961347956144,100.85500258463416,6.261825759685677,113.3786541040055,88.3313510652628,4.561082639691947,111.28035772545884,61.82714263872645,75.0224117680155,4536.804880237852,
2025-05-22 09:20:47.674020,104.68619374276238,106.73691315019856,104.0380962300572,106.0435728281325,1519.0327665247628,101.3646811641858,100.5161535284208,,105.52172000630584,102.4179735716296,3.103746434676225,2.1106053638271445,0.9931410708490804,59.02855984694376,101.3646811641858,6.247839848351855,113.8603608608895,88.8690014674821,4.6793695197550464,111.24746890225848,52.2845464439587,65.41445281185216,3017.772113713089,-4.0005935321396025e-05
2025-05-22 13:20:47.674020,104.55176153132751,105.65034814397684,102.98261648674205,104.11753541374262,1919.376710350129,101.87300485449232,100.46764876630084,,105.30569160744994,102.54386704141577,2.7618245660341927,2.2408492042685544,0.5209753617656383,64.48961865560895,101.87300485449232,6.022428015123595,113.91786088473953,89.82814882424513,4.51648992916093,111.19659429498064,42.046426484236655,52.05270518897393,1098.395403362959,
2025-05-22 17:20:47.674020,106.08730448102756,106.43792840805088,103.31735872098798,103.77447738753106,2141.62842479282,102.40252397934464,100.4537941907206,,105.07012018900087,102.63502336335024,2.4350968256506462,2.279698728544973,0.1553980971056732,60.72306528131576,102.40252397934464,5.673733459915547,113.74999089917571,91.05505705951354,4.389861078716263,111.14278523387674,40.37426897330952,44.90174730050162,-1043.2330214298604,0.0002516923535235
2025-05-22 21:20:47.674020,106.64228985611732,108.53210797216134,102.99828527918044,104.08681371225389,1794.0309270806883,102.78267670405026,100.43484911355334,,104.91884226950134,102.74256338919496,2.176278880306384,2.259014758897256,-0.0827358785908711,63.74729607800914,102.78267670405026,5.508598588776019,113.7998738816023,91.76547952649824,4.598352501134333,111.10303094218844,39.41372783341748,40.61147443032121,750.7979056508279,
2025-05-23 01:20:47.674020,107.9622743403984,109.42253099232934,106.94658065593843,108.406220343618,1555.46163434012,103.5854852624187,100.3654338450379,,105.4553619732116,103.16209353396702,2.293268439244571,2.2658654949667185,0.0274029442778522,67.84130762867534,103.5854852624187,5.059867920772221,113.70522110396314,93.46574942087426,4.780286607679414,111.0866118965152,56.7232043604291,45.50373372238536,2306.259539990948,0.0003150849137847
2025-05-23 05:20:47.674020,108.81646025240444,111.05319104077904,106.88481099033916,110.43203715749118,1148.4000638830591,104.1886938549352,100.35733352206496,,106.2210043092546,103.7006078764503,2.52039643280429,2.316771682534233,0.2036247502700572,66.89090130381663,104.1886938549352,5.123822107877108,114.43633807068942,93.94104963918096,4.702624126269122,111.07969541342686,67.33737559639341,54.49143593008,3454.659603874007,
2025-05-23 09:20:47.674020,112.14170775533732,114.340131451161,111.84832381791962,113.95353010555245,1964.2741120873168,104.86301547003887,100.48858947780964,,107.4106236625312,104.46008359712454,2.9505400654066563,2.4435253591087176,0.5070147062979387,71.49336824297892,104.86301547003887,5.483108338051854,115.8292321461426,93.89679879393518,4.838905835760959,111.0962757814269,87.75738938539807,70.60598978074019,5418.933715961324,0.0001534169907452
2025-05-23 13:20:47.674020,113.49335384348272,115.95094684155644,111.35555167429884,114.404050826486,1309.032775518471,105.78692301125356,100.61601280452994,,108.48653553390886,105.19667376226244,3.2898617716464287,2.61279264161626,0.6770691300301688,71.43780808678481,105.78692301125356,5.454656551408043,116.69623611406963,94.87760990843746,4.785536480043592,111.1096920402306,88.92877745083084,81.3411808108741,6727.966491479795,
2025-05-23 17:20:47.674020,120.7637293864926,123.0182149641002,119.7899130690832,121.50872067755115,1080.274802924717,106.95704510433534,100.90356217415294,,110.48994863293076,106.4049735337653,4.084975099165447,2.9072291331260978,1.1777459660393497,74.19034178232108,106.95704510433534,6.181939723406514,119.32092455114837,94.5931656575223,5.074460038725008,111.15027045987674,92.46593862292212,89.71736848638368,7808.241294404512,0.0002905760774688
